year,code,amount,name,topname,depname,depcat,cat,ref
2013,3202010401,9355000,國家發展研究及諮詢,總統府主管,總統府,研究發展,國務支出,1.1.4.1
2013,3202019011,1570000,交通及運輸設備,總統府主管,總統府,一般建築及設備,國務支出,1.1.8.1
2013,5302301001,10779000,史料採集,總統府主管,國史館,史料採集與典藏,文化支出,1.3.3.1
2013,5302301002,8901000,史料整編典藏閱覽,總統府主管,國史館,史料採集與典藏,文化支出,1.3.3.2
2013,5302314002,7257000,採集文獻暨文物大樓營運,總統府主管,國史館臺灣文獻館,文獻業務,文化支出,1.4.3.1
2013,5302314003,5980000,整理文獻暨文獻大樓營運,總統府主管,國史館臺灣文獻館,文獻業務,文化支出,1.4.3.2
2013,5302314004,9225000,編輯文獻暨史蹟大樓營運,總統府主管,國史館臺灣文獻館,文獻業務,文化支出,1.4.3.3
2013,5202401020,2967433000,學術審議及研究獎助,總統府主管,中央研究院,一般學術研究及評議,科學支出,1.5.2.1
2013,5202401023,2702473000,主題研究與人才培育,總統府主管,中央研究院,一般學術研究及評議,科學支出,1.5.2.2
2013,5202402010,1820931000,數理科學研究,總統府主管,中央研究院,自然及人文社會科學研究,科學支出,1.5.3.1
2013,5202402020,2030039000,生命科學研究,總統府主管,中央研究院,自然及人文社會科學研究,科學支出,1.5.3.2
2013,5202402030,1006138000,人文及社會科學研究,總統府主管,中央研究院,自然及人文社會科學研究,科學支出,1.5.3.3
2013,5202409001,16200000,土地購置,總統府主管,中央研究院,一般建築及設備,科學支出,1.5.4.1
2013,5202409002,2760640000,營建工程,總統府主管,中央研究院,一般建築及設備,科學支出,1.5.4.2
2013,5202409011,640000,交通及運輸設備,總統府主管,中央研究院,一般建築及設備,科學支出,1.5.4.3
2013,3303019002,8240000,營建工程,行政院主管,行政院,一般建築及設備,行政支出,2.1.14.1
2013,3303019011,6273000,交通及運輸設備,行政院主管,行政院,一般建築及設備,行政支出,2.1.14.2
2013,3303019019,1116000,其他設備,行政院主管,行政院,一般建築及設備,行政支出,2.1.14.3
2013,3303109011,2328000,交通及運輸設備,行政院主管,主計總處,一般建築及設備,行政支出,2.2.9.1
2013,3303109019,81147000,其他設備,行政院主管,主計總處,一般建築及設備,行政支出,2.2.9.2
2013,3303300201,6083000,人事行政綜合規劃,行政院主管,人事行政總處,人事行政之政策規劃執行及發展,行政支出,2.3.2.1
2013,3303300202,2756000,加強組編人力運用,行政院主管,人事行政總處,人事行政之政策規劃執行及發展,行政支出,2.3.2.2
2013,3303300203,100293000,公務人員培訓與考用,行政院主管,人事行政總處,人事行政之政策規劃執行及發展,行政支出,2.3.2.3
2013,3303300204,10852000,給與福利制度規劃,行政院主管,人事行政總處,人事行政之政策規劃執行及發展,行政支出,2.3.2.4
2013,3303300205,59573000,創新e化人事服務,行政院主管,人事行政總處,人事行政之政策規劃執行及發展,行政支出,2.3.2.5
2013,3303309011,NaN,交通及運輸設備,行政院主管,人事行政總處,一般建築及設備,行政支出,2.3.3.1
2013,5303409002,190000000,營建工程,行政院主管,國立故宮博物院,一般建築及設備,文化支出,2.6.8.1
2013,5303409019,18010000,其他設備,行政院主管,國立故宮博物院,一般建築及設備,文化支出,2.6.8.2
2013,6103501020,15501000,研擬國家發展計畫,行政院主管,經濟建設委員會,經建計畫之設計、研審及協調,其他經濟服務支出,2.7.2.1
2013,6103501021,29956000,研擬經濟政策、協調推動財經措施,行政院主管,經濟建設委員會,經建計畫之設計、研審及協調,其他經濟服務支出,2.7.2.2
2013,6103501022,23354000,促進產業發展,行政院主管,經濟建設委員會,經建計畫之設計、研審及協調,其他經濟服務支出,2.7.2.3
2013,6103501023,6532000,促進人力資源發展、建構完備社會安全網,行政院主管,經濟建設委員會,經建計畫之設計、研審及協調,其他經濟服務支出,2.7.2.4
2013,6103501024,159632000,健全國土規劃及經營管理,行政院主管,經濟建設委員會,經建計畫之設計、研審及協調,其他經濟服務支出,2.7.2.5
2013,6103501025,8285000,推動財經法規鬆綁與革新、健全企業投資發展環境,行政院主管,經濟建設委員會,經建計畫之設計、研審及協調,其他經濟服務支出,2.7.2.6
2013,6103501120,2784000,強化國家建設財務規劃審議及有效運用國家資金,行政院主管,經濟建設委員會,經建計畫之評估及考核,其他經濟服務支出,2.7.3.1
2013,6103501121,13889000,強化政府重大公共建設計畫先期作業及計畫管考,行政院主管,經濟建設委員會,經建計畫之評估及考核,其他經濟服務支出,2.7.3.2
2013,6103508102,2500000000,花東地區永續發展基金,行政院主管,經濟建設委員會,非營業特種基金,其他經濟服務支出,2.7.4.1
2013,6103509011,1100000,交通及運輸設備,行政院主管,經濟建設委員會,一般建築及設備,其他經濟服務支出,2.7.5.1
2013,6103509019,2489000,其他設備,行政院主管,經濟建設委員會,一般建築及設備,其他經濟服務支出,2.7.5.2
2013,3803679011,NaN,交通及運輸設備,行政院主管,中央選舉委員會及所屬,一般建築及設備,民政支出,2.9.5.1
2013,3803679019,480000,其他設備,行政院主管,中央選舉委員會及所屬,一般建築及設備,民政支出,2.9.5.2
2013,3303809002,2227000,營建工程,行政院主管,研究發展考核委員會,一般建築及設備,行政支出,2.10.9.1
2013,3303809019,3150000,其他設備,行政院主管,研究發展考核委員會,一般建築及設備,行政支出,2.10.9.2
2013,3303819011,NaN,交通及運輸設備,行政院主管,檔案管理局,一般建築及設備,行政支出,2.11.9.1
2013,3303819019,1924000,其他設備,行政院主管,檔案管理局,一般建築及設備,行政支出,2.11.9.2
2013,6103821010,7369000,限制競爭行為調查處理,行政院主管,公平交易委員會,公平交易業務,其他經濟服務支出,2.12.2.1
2013,6103821020,3414000,不公平競爭行為調查處理,行政院主管,公平交易委員會,公平交易業務,其他經濟服務支出,2.12.2.2
2013,6103821030,2783000,法務及行政救濟業務,行政院主管,公平交易委員會,公平交易業務,其他經濟服務支出,2.12.2.3
2013,6103821040,12787000,綜合規劃及宣導業務,行政院主管,公平交易委員會,公平交易業務,其他經濟服務支出,2.12.2.4
2013,6103821050,7049000,政策擬訂及國際交流業務,行政院主管,公平交易委員會,公平交易業務,其他經濟服務支出,2.12.2.5
2013,6103821070,12803000,產業調查經濟分析及資訊管理,行政院主管,公平交易委員會,公平交易業務,其他經濟服務支出,2.12.2.6
2013,6103829019,2518000,其他設備,行政院主管,公平交易委員會,一般建築及設備,其他經濟服務支出,2.12.3.1
2013,3303909011,NaN,交通及運輸設備,行政院主管,大陸委員會,一般建築及設備,行政支出,2.14.7.1
2013,3803978101,306149000,原住民族綜合發展基金,行政院主管,原住民族委員會,非營業特種基金,民政支出,2.17.6.1
2013,3803969002,18356000,營建工程,行政院主管,文化園區管理局,一般建築及設備,民政支出,2.18.3.1
2013,3404010201,292725000,委員歲費及公費,立法院主管,立法院,委員問政業務,立法支出,3.1.2.1
2013,3404010203,777932000,公費助理,立法院主管,立法院,委員問政業務,立法支出,3.1.2.2
2013,3404010204,56160000,國會交流事務,立法院主管,立法院,委員問政業務,立法支出,3.1.2.3
2013,3404010205,150032000,委員會館,立法院主管,立法院,委員問政業務,立法支出,3.1.2.4
2013,3404010206,207624000,問政相關業務,立法院主管,立法院,委員問政業務,立法支出,3.1.2.5
2013,3404019002,39800000,營建工程,立法院主管,立法院,一般建築及設備,立法支出,3.1.8.1
2013,3404019011,9460000,交通及運輸設備,立法院主管,立法院,一般建築及設備,立法支出,3.1.8.2
2013,3404019019,313912000,其他設備,立法院主管,立法院,一般建築及設備,立法支出,3.1.8.3
2013,3505019011,4285000,交通及運輸設備,司法院主管,司法院,一般建築及設備,司法支出,4.1.8.1
2013,3505019019,11835000,其他設備,司法院主管,司法院,一般建築及設備,司法支出,4.1.8.2
2013,3505059011,810000,交通及運輸設備,司法院主管,最高法院,一般建築及設備,司法支出,4.2.3.1
2013,3505059019,4278000,其他設備,司法院主管,最高法院,一般建築及設備,司法支出,4.2.3.2
2013,3505109019,132000,其他設備,司法院主管,最高行政法院,一般建築及設備,司法支出,4.3.3.1
2013,3505119019,132000,其他設備,司法院主管,臺北高等行政法院,一般建築及設備,司法支出,4.4.4.1
2013,3505129019,227000,其他設備,司法院主管,臺中高等行政法院,一般建築及設備,司法支出,4.5.3.1
2013,3505139019,467000,其他設備,司法院主管,高雄高等行政法院,一般建築及設備,司法支出,4.6.3.1
2013,3505209019,114000,其他設備,司法院主管,公務員懲戒委員會,一般建築及設備,司法支出,4.7.3.1
2013,3505259011,NaN,交通及運輸設備,司法院主管,司法人員研習所,一般建築及設備,司法支出,4.8.4.1
2013,3505269019,460000,其他設備,司法院主管,智慧財產法院,一般建築及設備,司法支出,4.9.3.1
2013,3505309002,6821000,營建工程,司法院主管,臺灣高等法院,一般建築及設備,司法支出,4.10.4.1
2013,3505309011,3831000,交通及運輸設備,司法院主管,臺灣高等法院,一般建築及設備,司法支出,4.10.4.2
2013,3505309019,5920000,其他設備,司法院主管,臺灣高等法院,一般建築及設備,司法支出,4.10.4.3
2013,3505319019,1702000,其他設備,司法院主管,臺灣高等法院臺中分院,一般建築及設備,司法支出,4.11.3.1
2013,3505329011,3275000,交通及運輸設備,司法院主管,臺灣高等法院臺南分院,一般建築及設備,司法支出,4.12.3.1
2013,3505329019,NaN,其他設備,司法院主管,臺灣高等法院臺南分院,一般建築及設備,司法支出,4.12.3.2
2013,3505339011,1000000,交通及運輸設備,司法院主管,臺灣高等法院高雄分院,一般建築及設備,司法支出,4.13.3.1
2013,3505339019,618000,其他設備,司法院主管,臺灣高等法院高雄分院,一般建築及設備,司法支出,4.13.3.2
2013,3505349011,45000,交通及運輸設備,司法院主管,臺灣高等法院花蓮分院,一般建築及設備,司法支出,4.14.3.1
2013,3505349019,119000,其他設備,司法院主管,臺灣高等法院花蓮分院,一般建築及設備,司法支出,4.14.3.2
2013,3505419011,5012000,交通及運輸設備,司法院主管,臺灣臺北地方法院,一般建築及設備,司法支出,4.15.5.1
2013,3505419019,3811000,其他設備,司法院主管,臺灣臺北地方法院,一般建築及設備,司法支出,4.15.5.2
2013,3505429011,3933000,交通及運輸設備,司法院主管,臺灣士林地方法院,一般建築及設備,司法支出,4.16.5.1
2013,3505429019,3177000,其他設備,司法院主管,臺灣士林地方法院,一般建築及設備,司法支出,4.16.5.2
2013,3505439011,1845000,交通及運輸設備,司法院主管,臺灣新北地方法院,一般建築及設備,司法支出,4.17.5.1
2013,3505439019,9946000,其他設備,司法院主管,臺灣新北地方法院,一般建築及設備,司法支出,4.17.5.2
2013,3505479011,2869000,交通及運輸設備,司法院主管,臺灣桃園地方法院,一般建築及設備,司法支出,4.18.6.1
2013,3505479019,4188000,其他設備,司法院主管,臺灣桃園地方法院,一般建築及設備,司法支出,4.18.6.2
2013,3505489011,NaN,交通及運輸設備,司法院主管,臺灣新竹地方法院,一般建築及設備,司法支出,4.19.6.1
2013,3505489019,2205000,其他設備,司法院主管,臺灣新竹地方法院,一般建築及設備,司法支出,4.19.6.2
2013,3505499011,658000,交通及運輸設備,司法院主管,臺灣苗栗地方法院,一般建築及設備,司法支出,4.20.5.1
2013,3505499019,1547000,其他設備,司法院主管,臺灣苗栗地方法院,一般建築及設備,司法支出,4.20.5.2
2013,3505509011,1415000,交通及運輸設備,司法院主管,臺灣臺中地方法院,一般建築及設備,司法支出,4.21.5.1
2013,3505509019,3586000,其他設備,司法院主管,臺灣臺中地方法院,一般建築及設備,司法支出,4.21.5.2
2013,3505519011,NaN,交通及運輸設備,司法院主管,臺灣南投地方法院,一般建築及設備,司法支出,4.22.5.1
2013,3505519019,1417000,其他設備,司法院主管,臺灣南投地方法院,一般建築及設備,司法支出,4.22.5.2
2013,3505529011,658000,交通及運輸設備,司法院主管,臺灣彰化地方法院,一般建築及設備,司法支出,4.23.6.1
2013,3505529019,2423000,其他設備,司法院主管,臺灣彰化地方法院,一般建築及設備,司法支出,4.23.6.2
2013,3505539011,1600000,交通及運輸設備,司法院主管,臺灣雲林地方法院,一般建築及設備,司法支出,4.24.5.1
2013,3505539019,2261000,其他設備,司法院主管,臺灣雲林地方法院,一般建築及設備,司法支出,4.24.5.2
2013,3505549011,NaN,交通及運輸設備,司法院主管,臺灣嘉義地方法院,一般建築及設備,司法支出,4.25.5.1
2013,3505549019,2152000,其他設備,司法院主管,臺灣嘉義地方法院,一般建築及設備,司法支出,4.25.5.2
2013,3505569002,NaN,營建工程,司法院主管,臺灣臺南地方法院,一般建築及設備,司法支出,4.26.5.1
2013,3505569011,3870000,交通及運輸設備,司法院主管,臺灣臺南地方法院,一般建築及設備,司法支出,4.26.5.2
2013,3505569019,3715000,其他設備,司法院主管,臺灣臺南地方法院,一般建築及設備,司法支出,4.26.5.3
2013,3505589011,NaN,交通及運輸設備,司法院主管,臺灣高雄地方法院,一般建築及設備,司法支出,4.27.5.1
2013,3505589019,5956000,其他設備,司法院主管,臺灣高雄地方法院,一般建築及設備,司法支出,4.27.5.2
2013,3505599011,2213000,交通及運輸設備,司法院主管,臺灣屏東地方法院,一般建築及設備,司法支出,4.28.6.1
2013,3505599019,1155000,其他設備,司法院主管,臺灣屏東地方法院,一般建築及設備,司法支出,4.28.6.2
2013,3505609011,126000,交通及運輸設備,司法院主管,臺灣臺東地方法院,一般建築及設備,司法支出,4.29.5.1
2013,3505609019,1028000,其他設備,司法院主管,臺灣臺東地方法院,一般建築及設備,司法支出,4.29.5.2
2013,3505619011,3275000,交通及運輸設備,司法院主管,臺灣花蓮地方法院,一般建築及設備,司法支出,4.30.5.1
2013,3505619019,1090000,其他設備,司法院主管,臺灣花蓮地方法院,一般建築及設備,司法支出,4.30.5.2
2013,3505629011,1675000,交通及運輸設備,司法院主管,臺灣宜蘭地方法院,一般建築及設備,司法支出,4.31.5.1
2013,3505629019,456000,其他設備,司法院主管,臺灣宜蘭地方法院,一般建築及設備,司法支出,4.31.5.2
2013,3505639011,NaN,交通及運輸設備,司法院主管,臺灣基隆地方法院,一般建築及設備,司法支出,4.32.5.1
2013,3505639019,1268000,其他設備,司法院主管,臺灣基隆地方法院,一般建築及設備,司法支出,4.32.5.2
2013,3505649011,NaN,交通及運輸設備,司法院主管,臺灣澎湖地方法院,一般建築及設備,司法支出,4.33.5.1
2013,3505649019,NaN,其他設備,司法院主管,臺灣澎湖地方法院,一般建築及設備,司法支出,4.33.5.2
2013,3505809011,1252000,交通及運輸設備,司法院主管,臺灣高雄少年及家事法院,一般建築及設備,司法支出,4.34.4.1
2013,3505809019,2087000,其他設備,司法院主管,臺灣高雄少年及家事法院,一般建築及設備,司法支出,4.34.4.2
2013,3505909011,NaN,交通及運輸設備,司法院主管,福建高等法院金門分院,一般建築及設備,司法支出,4.35.3.1
2013,3505909019,69000,其他設備,司法院主管,福建高等法院金門分院,一般建築及設備,司法支出,4.35.3.2
2013,3505919019,550000,其他設備,司法院主管,福建金門地方法院,一般建築及設備,司法支出,4.36.5.1
2013,3505939011,NaN,交通及運輸設備,司法院主管,福建連江地方法院,一般建築及設備,司法支出,4.37.5.1
2013,3505939019,44000,其他設備,司法院主管,福建連江地方法院,一般建築及設備,司法支出,4.37.5.2
2013,3606019011,4300000,交通及運輸設備,考試院主管,考試院,一般建築及設備,考試支出,5.1.5.1
2013,3606101401,12535000,試題研編及審查,考試院主管,考選部,考試業務研究改進,考試支出,5.2.2.1
2013,3606101402,12932000,考選資料處理,考試院主管,考選部,考試業務研究改進,考試支出,5.2.2.2
2013,3606101403,8512000,研究發展及宣導,考試院主管,考選部,考試業務研究改進,考試支出,5.2.2.3
2013,3606109011,NaN,交通及運輸設備,考試院主管,考選部,一般建築及設備,考試支出,5.2.3.1
2013,7606200601,2041000,公務人員退休撫卹管理,考試院主管,銓敘部,退休撫卹業務,退休撫卹業務支出,5.3.7.1
2013,3606301101,3196000,保障業務,考試院主管,公務人員保障暨培訓委員會,保障暨培訓,考試支出,5.4.2.1
2013,3606301102,31092000,訓練與進修業務,考試院主管,公務人員保障暨培訓委員會,保障暨培訓,考試支出,5.4.2.2
2013,3606309011,710000,交通及運輸設備,考試院主管,公務人員保障暨培訓委員會,一般建築及設備,考試支出,5.4.3.1
2013,3606409002,32062000,營建工程,考試院主管,國家文官學院及所屬,一般建築及設備,考試支出,5.5.4.1
2013,3707019002,7448000,營建工程,監察院主管,監察院,一般建築及設備,監察支出,6.1.5.1
2013,3707019011,13760000,交通及運輸設備,監察院主管,監察院,一般建築及設備,監察支出,6.1.5.2
2013,3707019019,17113000,其他設備,監察院主管,監察院,一般建築及設備,監察支出,6.1.5.3
2013,3707109002,56000000,營建工程,監察院主管,審計部,一般建築及設備,監察支出,6.2.4.1
2013,3707109019,4526000,其他設備,監察院主管,審計部,一般建築及設備,監察支出,6.2.4.2
2013,3808012501,185096000,測量及方域,內政部主管,內政部,地政業務,民政支出,7.1.4.1
2013,3808012502,68717000,地籍及不動產服務業管理,內政部主管,內政部,地政業務,民政支出,7.1.4.2
2013,3808012503,12678000,平均地權及土地利用,內政部主管,內政部,地政業務,民政支出,7.1.4.3
2013,3808019011,1420000,交通及運輸設備,內政部主管,內政部,一般建築及設備,民政支出,7.1.8.1
2013,5808113001,260518000,墾丁國家公園經營管理,內政部主管,營建署及所屬,國家公園經營管理,農業支出,7.2.2.1
2013,5808113002,230002000,玉山國家公園經營管理,內政部主管,營建署及所屬,國家公園經營管理,農業支出,7.2.2.2
2013,5808113003,265398000,陽明山國家公園經營管理,內政部主管,營建署及所屬,國家公園經營管理,農業支出,7.2.2.3
2013,5808113004,478679000,太魯閣國家公園經營管理,內政部主管,營建署及所屬,國家公園經營管理,農業支出,7.2.2.4
2013,5808113005,200286000,雪霸國家公園經營管理,內政部主管,營建署及所屬,國家公園經營管理,農業支出,7.2.2.5
2013,5808113006,220778000,金門國家公園經營管理,內政部主管,營建署及所屬,國家公園經營管理,農業支出,7.2.2.6
2013,5808113007,132003000,海洋國家公園經營管理,內政部主管,營建署及所屬,國家公園經營管理,農業支出,7.2.2.7
2013,5808113008,205834000,台江國家公園經營管理,內政部主管,營建署及所屬,國家公園經營管理,農業支出,7.2.2.8
2013,3808219002,165000000,營建工程,內政部主管,警政署及所屬,一般建築及設備,民政支出,7.3.8.1
2013,3808219011,23760000,交通及運輸設備,內政部主管,警政署及所屬,一般建築及設備,民政支出,7.3.8.2
2013,3808219019,459038000,其他設備,內政部主管,警政署及所屬,一般建築及設備,民政支出,7.3.8.3
2013,3808419002,288459000,營建工程,內政部主管,中央警察大學,一般建築及設備,民政支出,7.4.3.1
2013,3808419011,645000,交通及運輸設備,內政部主管,中央警察大學,一般建築及設備,民政支出,7.4.3.2
2013,3808589011,2100000,交通及運輸設備,內政部主管,入出國及移民署,一般建築及設備,民政支出,7.7.3.1
2013,3808659002,300000000,營建工程,內政部主管,空中勤務總隊,一般建築及設備,民政支出,7.9.3.1
2013,3808659011,27500000,交通及運輸設備,內政部主管,空中勤務總隊,一般建築及設備,民政支出,7.9.3.2
2013,3911011020,256197000,外交業務管理,外交部主管,外交部,外交業務,外交支出,8.1.2.1
2013,3911019002,268121000,營建工程,外交部主管,外交部,一般建築及設備,外交支出,8.1.7.1
2013,3911019011,56734000,交通及運輸設備,外交部主管,外交部,一般建築及設備,外交支出,8.1.7.2
2013,3911109011,1290000,交通及運輸設備,外交部主管,領事事務局,一般建築及設備,外交支出,8.2.3.1
2013,3911109019,1010000,其他設備,外交部主管,領事事務局,一般建築及設備,外交支出,8.2.3.2
2013,3911201025,15959000,外交領事人員訓練,外交部主管,外交及國際事務學院,外交領事人員講習,外交支出,8.3.2.1
2013,4814019019,96000000,其他設備,國防部主管,國防部,一般建築及設備,國防支出,9.1.3.1
2013,4814028104,4797057000,國軍營舍及設施改建基金,國防部主管,國防部所屬,非營業特種基金,國防支出,9.2.7.1
2013,4814029001,614698000,土地購置,國防部主管,國防部所屬,一般建築及設備,國防支出,9.2.8.1
2013,4814029011,54930000,交通及運輸設備,國防部主管,國防部所屬,一般建築及設備,國防支出,9.2.8.2
2013,4814029019,407161000,其他設備,國防部主管,國防部所屬,一般建築及設備,國防支出,9.2.8.3
2013,4017019011,63000,交通及運輸設備,財政部主管,財政部,一般建築及設備,財務支出,10.1.4.1
2013,6117018001,NaN,臺灣菸酒股份有限公司,財政部主管,財政部,營業基金,其他經濟服務支出,10.1.7.1
2013,6117018110,NaN,行政院公營事業民營化基金,財政部主管,財政部,非營業特種基金,其他經濟服務支出,10.1.8.1
2013,6117018201,55148000,中美洲銀行股本,財政部主管,財政部,投資支出,其他經濟服務支出,10.1.9.1
2013,6117018221,149546000,亞洲開發銀行股本,財政部主管,財政部,投資支出,其他經濟服務支出,10.1.9.2
2013,4017109011,645000,交通及運輸設備,財政部主管,國庫署,一般建築及設備,財務支出,10.2.3.1
2013,4017279011,12598000,交通及運輸設備,財政部主管,高雄國稅局,一般建築及設備,財務支出,10.5.3.1
2013,4017299001,50000,土地購置,財政部主管,北區國稅局及所屬,一般建築及設備,財務支出,10.6.3.1
2013,4017299002,56296000,營建工程,財政部主管,北區國稅局及所屬,一般建築及設備,財務支出,10.6.3.2
2013,4017299011,1006000,交通及運輸設備,財政部主管,北區國稅局及所屬,一般建築及設備,財務支出,10.6.3.3
2013,4017319002,100000000,營建工程,財政部主管,中區國稅局及所屬,一般建築及設備,財務支出,10.7.3.1
2013,4017319011,272000,交通及運輸設備,財政部主管,中區國稅局及所屬,一般建築及設備,財務支出,10.7.3.2
2013,4017339011,548000,交通及運輸設備,財政部主管,南區國稅局及所屬,一般建築及設備,財務支出,10.8.3.1
2013,4017359011,1228000,交通及運輸設備,財政部主管,關務署及所屬,一般建築及設備,財務支出,10.9.3.1
2013,4017359019,3686000,其他設備,財政部主管,關務署及所屬,一般建築及設備,財務支出,10.9.3.2
2013,4017409002,1787000,營建工程,財政部主管,國有財產署及所屬,一般建築及設備,財務支出,10.10.3.1
2013,4017409011,4037000,交通及運輸設備,財政部主管,國有財產署及所屬,一般建築及設備,財務支出,10.10.3.2
2013,4017609011,5600000,交通及運輸設備,財政部主管,財政資訊中心,一般建築及設備,財務支出,10.11.3.1
2013,4017609019,NaN,其他設備,財政部主管,財政資訊中心,一般建築及設備,財務支出,10.11.3.2
2013,5120010201,12970374000,高等教育行政及督導,教育部主管,教育部,高等教育,教育支出,11.1.2.1
2013,5120010202,4268577000,技術職業教育行政及督導,教育部主管,教育部,高等教育,教育支出,11.1.2.2
2013,5120010203,41882727000,國立大學校院教學與研究輔助,教育部主管,教育部,高等教育,教育支出,11.1.2.3
2013,5120010204,22430992000,私立學校教學獎助,教育部主管,教育部,高等教育,教育支出,11.1.2.4
2013,5120010301,690433000,師資培育與藝術教育行政及督導,教育部主管,教育部,中等教育,教育支出,11.1.3.1
2013,5120010501,793418000,終身教育行政及督導,教育部主管,教育部,終身教育,教育支出,11.1.4.1
2013,5120010506,405359000,籌建國立海洋科技博物館計畫,教育部主管,教育部,終身教育,教育支出,11.1.4.2
2013,5120010507,78866000,國立臺灣藝術教育館行政及推展,教育部主管,教育部,終身教育,教育支出,11.1.4.3
2013,5120010701,1345287000,學生事務與特殊教育行政及督導,教育部主管,教育部,訓育與輔導,教育支出,11.1.5.1
2013,5120010901,620066000,一般教育推展,教育部主管,教育部,各項教育推展,教育支出,11.1.6.1
2013,5120010904,2157589000,資訊與科技教育行政及督導,教育部主管,教育部,各項教育推展,教育支出,11.1.6.2
2013,5120010908,1456811000,國際及兩岸教育交流,教育部主管,教育部,各項教育推展,教育支出,11.1.6.3
2013,5120018110,6575923000,國立大學校院校務及附設醫院基金,教育部主管,教育部,非營業特種基金,教育支出,11.1.7.1
2013,5120019011,1570000,交通及運輸設備,教育部主管,教育部,一般建築及設備,教育支出,11.1.8.1
2013,5320011101,961136000,充實國立社教機構及公立圖書館功能,教育部主管,教育部,加強文化與育樂活動,文化支出,11.1.10.1
2013,5320011102,NaN,鳳凰谷鳥園行政及推展,教育部主管,教育部,加強文化與育樂活動,文化支出,11.1.10.2
2013,5320011103,1078409000,國立社教館所維持及發展輔助,教育部主管,教育部,加強文化與育樂活動,文化支出,11.1.10.3
2013,5320018110,1245000,國立社教機構作業基金,教育部主管,教育部,非營業特種基金,文化支出,11.1.11.1
2013,5120100201,47959843000,國民及學前教育行政及督導,教育部主管,國民及學前教育署,國民及學前教育,教育支出,11.2.2.1
2013,5120100202,29364634000,國立高級中等學校教學與訓輔輔助,教育部主管,國民及學前教育署,國民及學前教育,教育支出,11.2.2.2
2013,5120108110,1320780000,國立高級中等學校校務基金,教育部主管,國民及學前教育署,非營業特種基金,教育支出,11.2.3.1
2013,5120109011,695000,交通及運輸設備,教育部主管,國民及學前教育署,一般建築及設備,教育支出,11.2.4.1
2013,5120301020,108190000,青年生涯輔導,教育部主管,青年發展署,青年發展工作,教育支出,11.4.2.1
2013,5120301021,20673000,青年公共參與,教育部主管,青年發展署,青年發展工作,教育支出,11.4.2.2
2013,5120301022,33184000,青年國際及體驗學習,教育部主管,青年發展署,青年發展工作,教育支出,11.4.2.3
2013,5120309019,110000,其他設備,教育部主管,青年發展署,一般建築及設備,教育支出,11.4.3.1
2013,5321731020,35828000,館藏發展及書目管理,教育部主管,國家圖書館,館務業務活動,文化支出,11.6.2.1
2013,5321731021,33400000,知識服務與典藏,教育部主管,國家圖書館,館務業務活動,文化支出,11.6.2.2
2013,5321731022,3673000,特藏文獻典藏與服務,教育部主管,國家圖書館,館務業務活動,文化支出,11.6.2.3
2013,5321731023,16662000,數位知識系統服務,教育部主管,國家圖書館,館務業務活動,文化支出,11.6.2.4
2013,5321731024,13113000,漢學研究業務,教育部主管,國家圖書館,館務業務活動,文化支出,11.6.2.5
2013,5321731025,3136000,圖書館事業發展,教育部主管,國家圖書館,館務業務活動,文化支出,11.6.2.6
2013,5321731026,7585000,國際合作及交流,教育部主管,國家圖書館,館務業務活動,文化支出,11.6.2.7
2013,5321739011,645000,交通及運輸設備,教育部主管,國家圖書館,一般建築及設備,文化支出,11.6.3.1
2013,5321739019,825000,其他設備,教育部主管,國家圖書館,一般建築及設備,文化支出,11.6.3.2
2013,5121900201,211940000,教育研究研習與推廣,教育部主管,國家教育研究院,院務業務活動,教育支出,11.9.2.1
2013,3523019011,710000,交通及運輸設備,法務部主管,法務部,一般建築及設備,司法支出,12.1.3.1
2013,3523019019,118778000,其他設備,法務部主管,法務部,一般建築及設備,司法支出,12.1.3.2
2013,3523109011,645000,交通及運輸設備,法務部主管,司法官訓練所,一般建築及設備,司法支出,12.2.3.1
2013,3523169011,640000,交通及運輸設備,法務部主管,廉政署,一般建築及設備,司法支出,12.4.3.1
2013,3523179011,12495000,交通及運輸設備,法務部主管,矯正署及所屬,一般建築及設備,司法支出,12.5.4.1
2013,3523189011,645000,交通及運輸設備,法務部主管,行政執行署及所屬,一般建築及設備,司法支出,12.6.5.1
2013,3523319011,NaN,交通及運輸設備,法務部主管,臺灣高等法院臺中分院檢察署,一般建築及設備,司法支出,12.9.3.1
2013,3523419011,2680000,交通及運輸設備,法務部主管,臺灣臺北地方法院檢察署,一般建築及設備,司法支出,12.14.3.1
2013,3523429011,50000,交通及運輸設備,法務部主管,臺灣士林地方法院檢察署,一般建築及設備,司法支出,12.15.3.1
2013,3523479011,640000,交通及運輸設備,法務部主管,臺灣桃園地方法院檢察署,一般建築及設備,司法支出,12.17.4.1
2013,3523509011,NaN,交通及運輸設備,法務部主管,臺灣臺中地方法院檢察署,一般建築及設備,司法支出,12.20.3.1
2013,3523519011,640000,交通及運輸設備,法務部主管,臺灣南投地方法院檢察署,一般建築及設備,司法支出,12.21.3.1
2013,3523539011,640000,交通及運輸設備,法務部主管,臺灣雲林地方法院檢察署,一般建築及設備,司法支出,12.23.3.1
2013,3523569011,NaN,交通及運輸設備,法務部主管,臺灣臺南地方法院檢察署,一般建築及設備,司法支出,12.25.3.1
2013,3523589011,640000,交通及運輸設備,法務部主管,臺灣高雄地方法院檢察署,一般建築及設備,司法支出,12.26.4.1
2013,3523599011,595000,交通及運輸設備,法務部主管,臺灣屏東地方法院檢察署,一般建築及設備,司法支出,12.27.3.1
2013,3523919011,NaN,交通及運輸設備,法務部主管,福建金門地方法院檢察署,一般建築及設備,司法支出,12.34.3.1
2013,3523959002,51885000,營建工程,法務部主管,調查局,一般建築及設備,司法支出,12.36.4.1
2013,3523959011,1758000,交通及運輸設備,法務部主管,調查局,一般建築及設備,司法支出,12.36.4.2
2013,3523959019,84659000,其他設備,法務部主管,調查局,一般建築及設備,司法支出,12.36.4.3
2013,6126012410,21314000,國際經濟合作,經濟部主管,經濟部,國際經濟合作與促進投資,其他經濟服務支出,13.1.13.1
2013,6126012420,204782000,促進投資,經濟部主管,經濟部,國際經濟合作與促進投資,其他經濟服務支出,13.1.13.2
2013,6126018005,51938000,台灣中興紙業股份有限公司,經濟部主管,經濟部,營業基金,其他經濟服務支出,13.1.14.1
2013,6126018125,116721000,經濟作業基金,經濟部主管,經濟部,非營業特種基金,其他經濟服務支出,13.1.15.1
2013,6126019002,240102000,營建工程,經濟部主管,經濟部,一般建築及設備,其他經濟服務支出,13.1.16.1
2013,6126201020,2079263000,輸出入貿易,經濟部主管,國際貿易局及所屬,國際貿易,其他經濟服務支出,13.3.2.1
2013,6126201021,42324000,國際貿易發展,經濟部主管,國際貿易局及所屬,國際貿易,其他經濟服務支出,13.3.2.2
2013,6126209011,80000,交通及運輸設備,經濟部主管,國際貿易局及所屬,一般建築及設備,其他經濟服務支出,13.3.3.1
2013,5826551201,585967000,水資源企劃及保育,經濟部主管,水利署及所屬,水利建設及保育管理,農業支出,13.6.3.1
2013,5826551202,162244000,水利行政業務,經濟部主管,水利署及所屬,水利建設及保育管理,農業支出,13.6.3.2
2013,5826551203,3484281000,水資源開發及維護,經濟部主管,水利署及所屬,水利建設及保育管理,農業支出,13.6.3.3
2013,5826551204,10651260000,河川海岸及排水環境營造,經濟部主管,水利署及所屬,水利建設及保育管理,農業支出,13.6.3.4
2013,5926801020,66467000,加工出口區管理,經濟部主管,加工出口區管理處及所屬,加工出口區業務,工業支出,13.8.2.1
2013,5926809011,NaN,交通及運輸設備,經濟部主管,加工出口區管理處及所屬,一般建築及設備,工業支出,13.8.3.1
2013,5926909011,1250000,交通及運輸設備,經濟部主管,中央地質調查所,一般建築及設備,工業支出,13.9.4.1
2013,6029011220,187139000,路政管理,交通部主管,交通部,路政業務規劃及督導,交通支出,14.1.5.1
2013,6029011222,12031000,汽車燃料使用費經徵管理,交通部主管,交通部,路政業務規劃及督導,交通支出,14.1.5.2
2013,6029018020,15523300000,臺灣鐵路管理局,交通部主管,交通部,營業基金,交通支出,14.1.10.1
2013,6029018130,848000000,航港建設基金,交通部主管,交通部,非營業特種基金,交通支出,14.1.11.1
2013,6029018610,22171397000,鐵路建設計畫,交通部主管,交通部,鐵公路重要交通工程,交通支出,14.1.12.1
2013,6029018640,20374800000,都市大眾捷運系統建設計畫,交通部主管,交通部,鐵公路重要交通工程,交通支出,14.1.12.2
2013,6029019011,5521000,交通及運輸設備,交通部主管,交通部,一般建築及設備,交通支出,14.1.14.1
2013,5229212020,154939000,氣象科技研究,交通部主管,中央氣象局,氣象科技研究發展,科學支出,14.3.1.1
2013,5229212021,690650000,氣象資訊處理研究與開發,交通部主管,中央氣象局,氣象科技研究發展,科學支出,14.3.1.2
2013,5229212022,20257000,應用氣象研究,交通部主管,中央氣象局,氣象科技研究發展,科學支出,14.3.1.3
2013,5229212023,277878000,地震測報,交通部主管,中央氣象局,氣象科技研究發展,科學支出,14.3.1.4
2013,6129219002,45880000,營建工程,交通部主管,中央氣象局,一般建築及設備,其他經濟服務支出,14.3.4.1
2013,6129219011,850000,交通及運輸設備,交通部主管,中央氣象局,一般建築及設備,其他經濟服務支出,14.3.4.2
2013,6029318120,911000000,交通作業基金,交通部主管,觀光局及所屬,非營業特種基金,交通支出,14.4.1.1
2013,6129319011,800000,交通及運輸設備,交通部主管,觀光局及所屬,一般建築及設備,其他經濟服務支出,14.4.5.1
2013,6029712021,35832588000,公路新建及養護計畫,交通部主管,公路總局及所屬,公路建設及改善計畫,交通支出,14.6.3.1
2013,6029719002,449945000,營建工程,交通部主管,公路總局及所屬,一般建築及設備,交通支出,14.6.4.1
2013,4239012420,77393000,華僑文化社教活動,僑務委員會主管,僑務委員會,僑民社教業務,僑務支出,16.1.4.1
2013,4239012421,105353000,華僑文教中心服務工作,僑務委員會主管,僑務委員會,僑民社教業務,僑務支出,16.1.4.2
2013,5139012320,207237000,僑校發展與輔助,僑務委員會主管,僑務委員會,僑民文教業務,教育支出,16.1.9.1
2013,5139012321,99307000,海外青年技訓研習,僑務委員會主管,僑務委員會,僑民文教業務,教育支出,16.1.9.2
2013,6842018101,NaN,國軍退除役官兵安置基金,國軍退除役官兵輔導委員會主管,國軍退除役官兵輔導委員會,非營業特種基金,福利服務支出,17.1.10.1
2013,6842019002,578648000,營建工程,國軍退除役官兵輔導委員會主管,國軍退除役官兵輔導委員會,一般建築及設備,福利服務支出,17.1.11.1
2013,6842019011,10150000,交通及運輸設備,國軍退除役官兵輔導委員會主管,國軍退除役官兵輔導委員會,一般建築及設備,福利服務支出,17.1.11.2
2013,5245018110,34159652000,國家科學技術發展基金,國家科學委員會主管,國家科學委員會,非營業特種基金,科學支出,18.1.4.1
2013,5245019011,860000,交通及運輸設備,國家科學委員會主管,國家科學委員會,一般建築及設備,科學支出,18.1.5.1
2013,5145101101,370044000,行政管理,國家科學委員會主管,科學工業園區管理局及所屬,國立科學工業園區實驗高級中學,教育支出,18.2.1.1
2013,5145101102,19993000,教學訓輔業務,國家科學委員會主管,科學工業園區管理局及所屬,國立科學工業園區實驗高級中學,教育支出,18.2.1.2
2013,5145101104,289883000,教學建築及設備,國家科學委員會主管,科學工業園區管理局及所屬,國立科學工業園區實驗高級中學,教育支出,18.2.1.3
2013,5245101020,175700000,綜合企劃,國家科學委員會主管,科學工業園區管理局及所屬,園區業務推展,科學支出,18.2.3.1
2013,5245101021,15959000,投資推廣,國家科學委員會主管,科學工業園區管理局及所屬,園區業務推展,科學支出,18.2.3.2
2013,5245101022,41283000,社會行政,國家科學委員會主管,科學工業園區管理局及所屬,園區業務推展,科學支出,18.2.3.3
2013,5245101023,2578000,工商行政,國家科學委員會主管,科學工業園區管理局及所屬,園區業務推展,科學支出,18.2.3.4
2013,5245101024,5900000,營建行政,國家科學委員會主管,科學工業園區管理局及所屬,園區業務推展,科學支出,18.2.3.5
2013,5245101026,7132000,地政及規劃,國家科學委員會主管,科學工業園區管理局及所屬,園區業務推展,科學支出,18.2.3.6
2013,5245201020,39913000,綜合企劃,國家科學委員會主管,南部科學工業園區管理局及所屬,園區業務推展,科學支出,18.3.3.1
2013,5245201021,258659000,投資推廣,國家科學委員會主管,南部科學工業園區管理局及所屬,園區業務推展,科學支出,18.3.3.2
2013,5245201022,15707000,社會行政,國家科學委員會主管,南部科學工業園區管理局及所屬,園區業務推展,科學支出,18.3.3.3
2013,5245201023,3516000,工商行政,國家科學委員會主管,南部科學工業園區管理局及所屬,園區業務推展,科學支出,18.3.3.4
2013,5245201024,3779000,營建行政,國家科學委員會主管,南部科學工業園區管理局及所屬,園區業務推展,科學支出,18.3.3.5
2013,5245201025,6347000,建管行政,國家科學委員會主管,南部科學工業園區管理局及所屬,園區業務推展,科學支出,18.3.3.6
2013,5245201026,26995000,高雄園區之運作,國家科學委員會主管,南部科學工業園區管理局及所屬,園區業務推展,科學支出,18.3.3.7
2013,5245208120,143400000,科學工業園區管理局作業基金,國家科學委員會主管,南部科學工業園區管理局及所屬,非營業特種基金,科學支出,18.3.4.1
2013,5245301020,179630000,投資推廣,國家科學委員會主管,中部科學工業園區管理局及所屬,園區業務推展,科學支出,18.4.3.1
2013,5245301021,8778000,環安行政,國家科學委員會主管,中部科學工業園區管理局及所屬,園區業務推展,科學支出,18.4.3.2
2013,5245301022,1965000,工商行政,國家科學委員會主管,中部科學工業園區管理局及所屬,園區業務推展,科學支出,18.4.3.3
2013,5245301023,4543000,營建行政,國家科學委員會主管,中部科學工業園區管理局及所屬,園區業務推展,科學支出,18.4.3.4
2013,5245301024,11747000,建管行政,國家科學委員會主管,中部科學工業園區管理局及所屬,園區業務推展,科學支出,18.4.3.5
2013,5245301026,108553000,高等研究園區開發業務,國家科學委員會主管,中部科學工業園區管理局及所屬,園區業務推展,科學支出,18.4.3.6
2013,5245308120,393017000,科學工業園區管理局作業基金,國家科學委員會主管,中部科學工業園區管理局及所屬,非營業特種基金,科學支出,18.4.4.1
2013,5248011020,39127000,原子能科學發展,原子能委員會主管,原子能委員會,原子能管理發展業務,科學支出,19.1.2.1
2013,5248011021,57737000,游離輻射安全防護,原子能委員會主管,原子能委員會,原子能管理發展業務,科學支出,19.1.2.2
2013,5248011022,58229000,核設施安全管制,原子能委員會主管,原子能委員會,原子能管理發展業務,科學支出,19.1.2.3
2013,5248011023,20530000,核子保安與應變,原子能委員會主管,原子能委員會,原子能管理發展業務,科學支出,19.1.2.4
2013,7248101020,20141000,天然游離輻射偵測,原子能委員會主管,輻射偵測中心,環境輻射偵測,環境保護支出,19.2.2.1
2013,7248101021,7537000,人造游離輻射偵測,原子能委員會主管,輻射偵測中心,環境輻射偵測,環境保護支出,19.2.2.2
2013,7248201020,23542000,放射性物料管理作業,原子能委員會主管,放射性物料管理局,放射性物料管理,環境保護支出,19.3.2.1
2013,7248201022,2982000,放射性廢棄物營運安全管制,原子能委員會主管,放射性物料管理局,放射性物料管理,環境保護支出,19.3.2.2
2013,7248201023,4016000,核物料及小產源廢棄物安全管制,原子能委員會主管,放射性物料管理局,放射性物料管理,環境保護支出,19.3.2.3
2013,7248209011,189000,交通及運輸設備,原子能委員會主管,放射性物料管理局,一般建築及設備,環境保護支出,19.3.3.1
2013,5248301220,19392000,綜合計畫,原子能委員會主管,核能研究所,核能科技計畫管考、設施運轉維護及安全,科學支出,19.4.2.1
2013,5248301221,87080000,設施運轉維護與改善,原子能委員會主管,核能研究所,核能科技計畫管考、設施運轉維護及安全,科學支出,19.4.2.2
2013,5248302170,215138000,輻射應用科技研究,原子能委員會主管,核能研究所,核能科技研發計畫,科學支出,19.4.3.1
2013,5248302171,390891000,環境與能源科技研究,原子能委員會主管,核能研究所,核能科技研發計畫,科學支出,19.4.3.2
2013,5248302172,177573000,核能安全科技研究,原子能委員會主管,核能研究所,核能科技研發計畫,科學支出,19.4.3.3
2013,5851018120,6256000000,農業特別收入基金,農業委員會主管,農業委員會,非營業特種基金,農業支出,20.1.5.1
2013,5851019011,189000,交通及運輸設備,農業委員會主管,農業委員會,一般建築及設備,農業支出,20.1.6.1
2013,5851029002,NaN,營建工程,農業委員會主管,林務局,一般建築及設備,農業支出,20.2.5.1
2013,5851029011,2950000,交通及運輸設備,農業委員會主管,林務局,一般建築及設備,農業支出,20.2.5.2
2013,5851049011,820000,交通及運輸設備,農業委員會主管,農業試驗所,一般建築及設備,農業支出,20.4.4.1
2013,5851059011,2736000,交通及運輸設備,農業委員會主管,林業試驗所,一般建築及設備,農業支出,20.5.4.1
2013,5851069011,993000,交通及運輸設備,農業委員會主管,水產試驗所,一般建築及設備,農業支出,20.6.4.1
2013,5851079011,4525000,交通及運輸設備,農業委員會主管,畜產試驗所,一般建築及設備,農業支出,20.7.3.1
2013,5851109002,11020000,營建工程,農業委員會主管,特有生物研究保育中心,一般建築及設備,農業支出,20.10.3.1
2013,5851109011,551000,交通及運輸設備,農業委員會主管,特有生物研究保育中心,一般建築及設備,農業支出,20.10.3.2
2013,5851119011,425000,交通及運輸設備,農業委員會主管,茶業改良場,一般建築及設備,農業支出,20.11.3.1
2013,5851129011,NaN,交通及運輸設備,農業委員會主管,種苗改良繁殖場,一般建築及設備,農業支出,20.12.3.1
2013,5851139011,NaN,交通及運輸設備,農業委員會主管,桃園區農業改良場,一般建築及設備,農業支出,20.13.3.1
2013,5851149011,420000,交通及運輸設備,農業委員會主管,苗栗區農業改良場,一般建築及設備,農業支出,20.14.3.1
2013,5851159011,820000,交通及運輸設備,農業委員會主管,臺中區農業改良場,一般建築及設備,農業支出,20.15.3.1
2013,5851169011,1245000,交通及運輸設備,農業委員會主管,臺南區農業改良場,一般建築及設備,農業支出,20.16.3.1
2013,5851179011,NaN,交通及運輸設備,農業委員會主管,高雄區農業改良場,一般建築及設備,農業支出,20.17.3.1
2013,5851189011,820000,交通及運輸設備,農業委員會主管,花蓮區農業改良場,一般建築及設備,農業支出,20.18.3.1
2013,5851199011,820000,交通及運輸設備,農業委員會主管,臺東區農業改良場,一般建築及設備,農業支出,20.19.3.1
2013,5851209011,NaN,交通及運輸設備,農業委員會主管,漁業署及所屬,一般建築及設備,農業支出,20.20.5.1
2013,5851509002,207910000,營建工程,農業委員會主管,動植物防疫檢疫局及所屬,一般建築及設備,農業支出,20.21.4.1
2013,5851509011,4591000,交通及運輸設備,農業委員會主管,動植物防疫檢疫局及所屬,一般建築及設備,農業支出,20.21.4.2
2013,5851709011,3875000,交通及運輸設備,農業委員會主管,農糧署及所屬,一般建築及設備,農業支出,20.23.4.1
2013,6854012201,95149000,北區檢查所,勞工委員會主管,勞工委員會,檢查所管理,福利服務支出,21.1.9.1
2013,6854012202,86377000,中區檢查所,勞工委員會主管,勞工委員會,檢查所管理,福利服務支出,21.1.9.2
2013,6854012203,91912000,南區檢查所,勞工委員會主管,勞工委員會,檢查所管理,福利服務支出,21.1.9.3
2013,6954110211,805345000,綜合規劃,勞工委員會主管,職業訓練局及所屬,職業訓練業務,國民就業支出,21.2.2.1
2013,6954110212,3082000,訓練發展,勞工委員會主管,職業訓練局及所屬,職業訓練業務,國民就業支出,21.2.2.2
2013,6954110215,1768000,就業服務,勞工委員會主管,職業訓練局及所屬,職業訓練業務,國民就業支出,21.2.2.3
2013,6954110216,56126000,身心障礙者業務,勞工委員會主管,職業訓練局及所屬,職業訓練業務,國民就業支出,21.2.2.4
2013,6954110217,5520000,外國人聘僱許可及管理,勞工委員會主管,職業訓練局及所屬,職業訓練業務,國民就業支出,21.2.2.5
2013,6954110411,9792000,泰山職訓中心管理,勞工委員會主管,職業訓練局及所屬,職訓中心管理,國民就業支出,21.2.3.1
2013,6954110412,13529000,北區職訓中心管理,勞工委員會主管,職業訓練局及所屬,職訓中心管理,國民就業支出,21.2.3.2
2013,6954110413,32273000,中區職訓中心管理,勞工委員會主管,職業訓練局及所屬,職訓中心管理,國民就業支出,21.2.3.3
2013,6954110414,14788000,南區職訓中心管理,勞工委員會主管,職業訓練局及所屬,職訓中心管理,國民就業支出,21.2.3.4
2013,6954110415,21522000,桃園職訓中心管理,勞工委員會主管,職業訓練局及所屬,職訓中心管理,國民就業支出,21.2.3.5
2013,6954110416,23794000,台南職訓中心管理,勞工委員會主管,職業訓練局及所屬,職訓中心管理,國民就業支出,21.2.3.6
2013,6954110417,17687000,青年職訓中心管理,勞工委員會主管,職業訓練局及所屬,職訓中心管理,國民就業支出,21.2.3.7
2013,6954110501,5250000,北基宜花金馬區就服中心管理,勞工委員會主管,職業訓練局及所屬,就服中心管理,國民就業支出,21.2.4.1
2013,6954110502,5225000,桃竹苗區就服中心管理,勞工委員會主管,職業訓練局及所屬,就服中心管理,國民就業支出,21.2.4.2
2013,6954110503,5944000,中彰投區就服中心管理,勞工委員會主管,職業訓練局及所屬,就服中心管理,國民就業支出,21.2.4.3
2013,6954110504,5715000,雲嘉南區就服中心管理,勞工委員會主管,職業訓練局及所屬,就服中心管理,國民就業支出,21.2.4.4
2013,6954110505,6559000,高屏澎東區就服中心管理,勞工委員會主管,職業訓練局及所屬,就服中心管理,國民就業支出,21.2.4.5
2013,5254611101,49465000,勞工安全調查研究,勞工委員會主管,勞工安全衛生研究所,勞工安全衛生研究,科學支出,21.3.2.1
2013,5254611102,39193000,分析檢驗技術開發研究,勞工委員會主管,勞工安全衛生研究所,勞工安全衛生研究,科學支出,21.3.2.2
2013,5254611103,68267000,勞工衛生調查研究,勞工委員會主管,勞工安全衛生研究所,勞工安全衛生研究,科學支出,21.3.2.3
2013,5254611104,50359000,勞動醫學調查研究,勞工委員會主管,勞工安全衛生研究所,勞工安全衛生研究,科學支出,21.3.2.4
2013,5254611105,34180000,勞工安全衛生研究成果推廣應用,勞工委員會主管,勞工安全衛生研究所,勞工安全衛生研究,科學支出,21.3.2.5
2013,5254619011,630000,交通及運輸設備,勞工委員會主管,勞工安全衛生研究所,一般建築及設備,科學支出,21.3.3.1
2013,5254619019,12118000,其他設備,勞工委員會主管,勞工安全衛生研究所,一般建築及設備,科學支出,21.3.3.2
2013,5257011710,617150000,科技發展工作,衛生署主管,衛生署,科技業務,科學支出,22.1.2.1
2013,5257011720,2263264000,財團法人國家衛生研究院發展計畫,衛生署主管,衛生署,科技業務,科學支出,22.1.2.2
2013,6657012010,31787000,全民健康保險工作,衛生署主管,衛生署,全民健康保險業務,社會保險支出,22.1.3.1
2013,6657012020,46692096000,全民健康保險保險費補助,衛生署主管,衛生署,全民健康保險業務,社會保險支出,22.1.3.2
2013,6657018101,541263000,全民健康保險紓困基金,衛生署主管,衛生署,非營業特種基金,社會保險支出,22.1.5.1
2013,7157018130,332000000,醫療藥品基金,衛生署主管,衛生署,非營業特種基金,醫療保健支出,22.1.16.1
2013,7157019002,250000000,營建工程,衛生署主管,衛生署,一般建築及設備,醫療保健支出,22.1.17.1
2013,7157019011,NaN,交通及運輸設備,衛生署主管,衛生署,一般建築及設備,醫療保健支出,22.1.17.2
2013,7157400201,21395000,中醫規劃及管理工作,衛生署主管,中醫藥委員會,中醫中藥業務,醫療保健支出,22.4.3.1
2013,7157400202,35134000,中藥規劃及管理工作,衛生署主管,中醫藥委員會,中醫中藥業務,醫療保健支出,22.4.3.2
2013,7157400203,597000,中醫藥研究發展管理工作,衛生署主管,中醫藥委員會,中醫中藥業務,醫療保健支出,22.4.3.3
2013,7157400204,7602000,中醫藥資訊與典籍規劃及管理工作,衛生署主管,中醫藥委員會,中醫中藥業務,醫療保健支出,22.4.3.4
2013,7157400205,571000,中醫藥綜合規劃工作,衛生署主管,中醫藥委員會,中醫中藥業務,醫療保健支出,22.4.3.5
2013,7157409011,NaN,交通及運輸設備,衛生署主管,中醫藥委員會,一般建築及設備,醫療保健支出,22.4.4.1
2013,6657609001,16411000,土地購置,衛生署主管,中央健康保險局,一般建築及設備,社會保險支出,22.5.4.1
2013,6657609002,2000000,營建工程,衛生署主管,中央健康保險局,一般建築及設備,社會保險支出,22.5.4.2
2013,7260011020,99773000,綜合企劃,環境保護署主管,環境保護署,綜合計畫,環境保護支出,23.1.3.1
2013,7260011023,1932276000,加強基層環保建設,環境保護署主管,環境保護署,綜合計畫,環境保護支出,23.1.3.2
2013,7260019011,NaN,交通及運輸設備,環境保護署主管,環境保護署,一般建築及設備,環境保護支出,23.1.11.1
2013,7260101020,144985000,檢驗業務規劃管理,環境保護署主管,環境檢驗所,環境檢驗,環境保護支出,23.2.3.1
2013,7260101021,6356000,空氣污染及噪音檢驗測定,環境保護署主管,環境檢驗所,環境檢驗,環境保護支出,23.2.3.2
2013,7260101022,5694000,水質檢驗,環境保護署主管,環境檢驗所,環境檢驗,環境保護支出,23.2.3.3
2013,7260101023,11162000,毒化物及廢棄物檢驗,環境保護署主管,環境檢驗所,環境檢驗,環境保護支出,23.2.3.4
2013,7260101024,13452000,環境生物檢定,環境保護署主管,環境檢驗所,環境檢驗,環境保護支出,23.2.3.5
2013,7260209011,645000,交通及運輸設備,環境保護署主管,環境保護人員訓練所,一般建築及設備,環境保護支出,23.3.3.1
2013,5361013001,910955000,文化設施規劃與設置,文化部主管,文化部,文化資源業務,文化支出,24.1.3.1
2013,5361013002,185091000,博物館業務推動與輔導,文化部主管,文化部,文化資源業務,文化支出,24.1.3.2
2013,5361013003,560382000,社區營造業務,文化部主管,文化部,文化資源業務,文化支出,24.1.3.3
2013,5361013004,211899000,臺灣歷史博物館業務,文化部主管,文化部,文化資源業務,文化支出,24.1.3.4
2013,5361014001,448397000,文化創意產業發展計畫,文化部主管,文化部,文創發展業務,文化支出,24.1.4.1
2013,5361014002,249000000,價值產值化計畫,文化部主管,文化部,文創發展業務,文化支出,24.1.4.2
2013,5361015001,946790000,影視及流行音樂策劃與發展,文化部主管,文化部,影視及流行音樂發展業務,文化支出,24.1.5.1
2013,5361015002,1872547000,影視及流行音樂推動與輔導,文化部主管,文化部,影視及流行音樂發展業務,文化支出,24.1.5.2
2013,5361016001,199380000,人文及文學發展業務,文化部主管,文化部,人文及出版業務,文化支出,24.1.6.1
2013,5361016002,429938000,出版業務推動與輔導,文化部主管,文化部,人文及出版業務,文化支出,24.1.6.2
2013,5361016004,162604000,臺灣文學館業務,文化部主管,文化部,人文及出版業務,文化支出,24.1.6.3
2013,5361016005,183604000,國家人權博物館籌備業務,文化部主管,文化部,人文及出版業務,文化支出,24.1.6.4
2013,5361017001,828567000,視覺及表演藝術之策劃與發展,文化部主管,文化部,藝術發展業務,文化支出,24.1.7.1
2013,5361017002,357797000,藝術業務推展與輔導,文化部主管,文化部,藝術發展業務,文化支出,24.1.7.2
2013,5361017004,259383000,交響樂團業務,文化部主管,文化部,藝術發展業務,文化支出,24.1.7.3
2013,5361017005,1632275000,衛武營藝術文化中心籌備業務,文化部主管,文化部,藝術發展業務,文化支出,24.1.7.4
2013,5361018101,7775000,國立文化機構作業基金,文化部主管,文化部,非營業特種基金,文化支出,24.1.9.1
2013,5361019001,NaN,交通及運輸設備,文化部主管,文化部,一般建築及設備,文化支出,24.1.10.1
2013,5361209011,645000,交通及運輸設備,文化部主管,影視及流行音樂產業局,一般建築及設備,文化支出,24.3.5.1
2013,5361400201,607476000,美術推廣業務,文化部主管,國立臺灣美術館及所屬,美術館業務,文化支出,24.5.2.1
2013,5361400501,84223000,新竹生活美學館業務,文化部主管,國立臺灣美術館及所屬,生活美學業務,文化支出,24.5.3.1
2013,5361400502,76295000,彰化生活美學館業務,文化部主管,國立臺灣美術館及所屬,生活美學業務,文化支出,24.5.3.2
2013,5361400503,76315000,臺南生活美學館業務,文化部主管,國立臺灣美術館及所屬,生活美學業務,文化支出,24.5.3.3
2013,5361400504,52581000,臺東生活美學館業務,文化部主管,國立臺灣美術館及所屬,生活美學業務,文化支出,24.5.3.4
2013,5361500201,400908000,工藝研究發展與推廣業務,文化部主管,國立臺灣工藝研究發展中心,工藝研究發展中心業務,文化支出,24.6.2.1
2013,5361600201,202035000,博物館推展業務,文化部主管,國立臺灣博物館,博物館業務,文化支出,24.7.2.1
2013,5361709011,NaN,交通及運輸設備,文化部主管,國立臺灣史前文化博物館,一般建築及設備,文化支出,24.8.3.1
2013,3863019011,2083000,交通及運輸設備,海岸巡防署主管,海岸巡防署,一般建築及設備,民政支出,25.1.3.1
2013,3863109011,2953000,交通及運輸設備,海岸巡防署主管,海洋巡防總局,一般建築及設備,民政支出,25.2.3.1
2013,3863200201,151938000,海岸巡防規劃及管理,海岸巡防署主管,海岸巡防總局及所屬,海岸巡防業務,民政支出,25.3.2.1
2013,3863200202,809221000,地區海岸巡防工作,海岸巡防署主管,海岸巡防總局及所屬,海岸巡防業務,民政支出,25.3.2.2
2013,3863209011,NaN,交通及運輸設備,海岸巡防署主管,海岸巡防總局及所屬,一般建築及設備,民政支出,25.3.3.1
2013,4066019011,NaN,交通及運輸設備,金融監督管理委員會主管,金融監督管理委員會,一般建築及設備,財務支出,26.1.3.1
2013,4066309011,NaN,交通及運輸設備,金融監督管理委員會主管,保險局,一般建築及設備,財務支出,26.4.3.1
2013,4066409011,645000,交通及運輸設備,金融監督管理委員會主管,檢查局,一般建築及設備,財務支出,26.5.3.1
2013,3371159019,6735000,其他設備,省市地方政府,臺灣省政府,一般建築及設備,行政支出,27.1.4.1
2013,3371160201,3862000,諮議員費用,省市地方政府,臺灣省諮議會,議員諮詢業務,行政支出,27.2.2.1
2013,3371160202,480000,議會交流事務,省市地方政府,臺灣省諮議會,議員諮詢業務,行政支出,27.2.2.2
2013,3371160203,1073000,諮議員會館,省市地方政府,臺灣省諮議會,議員諮詢業務,行政支出,27.2.2.3
2013,3371160301,1053000,召開大會,省市地方政府,臺灣省諮議會,議事業務,行政支出,27.2.3.1
2013,3371160302,464000,議事文物管理,省市地方政府,臺灣省諮議會,議事業務,行政支出,27.2.3.2
2013,3371160401,4070000,研究發展及諮詢,省市地方政府,臺灣省諮議會,研究業務,行政支出,27.2.4.1
2013,3371160402,1467000,資訊管理,省市地方政府,臺灣省諮議會,研究業務,行政支出,27.2.4.2
2013,3371169011,1700000,交通及運輸設備,省市地方政府,臺灣省諮議會,一般建築及設備,行政支出,27.2.5.1
2013,3371169019,725000,其他設備,省市地方政府,臺灣省諮議會,一般建築及設備,行政支出,27.2.5.2
2013,3371559002,116000,營建工程,省市地方政府,福建省政府,一般建築及設備,行政支出,27.4.3.1
2013,3371559019,384000,其他設備,省市地方政府,福建省政府,一般建築及設備,行政支出,27.4.3.2
2013,3202010100,860695000,無細項,總統府主管,總統府,一般行政,國務支出,1.1.1
2013,3202010200,40000000,無細項,總統府主管,總統府,國務機要,國務支出,1.1.2
2013,3202010300,15343000,無細項,總統府主管,總統府,國家慶典,國務支出,1.1.3
2013,3202010500,14292000,無細項,總統府主管,總統府,新聞發布,國務支出,1.1.5
2013,3202010600,20683000,無細項,總統府主管,總統府,卸任禮遇,國務支出,1.1.6
2013,3202010800,17243000,無細項,總統府主管,總統府,公報編印及印信勳章鑄造,國務支出,1.1.7
2013,3202019800,2073000,無細項,總統府主管,總統府,第一預備金,國務支出,1.1.9
2013,3202100100,186393000,無細項,總統府主管,國家安全會議,一般行政,國務支出,1.2.1
2013,3202102000,22702000,無細項,總統府主管,國家安全會議,諮詢研究業務,國務支出,1.2.2
2013,3202109800,500000,無細項,總統府主管,國家安全會議,第一預備金,國務支出,1.2.3
2013,5202303000,NaN,無細項,總統府主管,國史館,總統文物與珍貴史料數位化,科學支出,1.3.1
2013,5302300100,181872000,無細項,總統府主管,國史館,一般行政,文化支出,1.3.2
2013,5302302000,9688000,無細項,總統府主管,國史館,國史編纂,文化支出,1.3.4
2013,5302309800,340000,無細項,總統府主管,國史館,第一預備金,文化支出,1.3.5
2013,5202315000,NaN,無細項,總統府主管,國史館臺灣文獻館,拓展數位化計畫,科學支出,1.4.1
2013,5302313000,88258000,無細項,總統府主管,國史館臺灣文獻館,一般行政,文化支出,1.4.2
2013,5202400100,423067000,無細項,總統府主管,中央研究院,一般行政,科學支出,1.5.1
2013,5202409800,5410000,無細項,總統府主管,中央研究院,第一預備金,科學支出,1.5.5
2013,3303010100,931574000,無細項,行政院主管,行政院,一般行政,行政支出,2.1.1
2013,3303010700,4883000,無細項,行政院主管,行政院,施政業務,行政支出,2.1.2
2013,3303010900,3475000,無細項,行政院主管,行政院,法制業務,行政支出,2.1.3
2013,3303011100,9000000,無細項,行政院主管,行政院,施政推展聯繫,行政支出,2.1.4
2013,3303011500,45255000,無細項,行政院主管,行政院,科技發展研究諮詢,行政支出,2.1.5
2013,3303011600,34347000,無細項,行政院主管,行政院,聯合服務業務,行政支出,2.1.6
2013,3303011800,5009000,無細項,行政院主管,行政院,國土安全規劃,行政支出,2.1.7
2013,3303011900,8760000,無細項,行政院主管,行政院,災害防救業務,行政支出,2.1.8
2013,3303012000,18147000,無細項,行政院主管,行政院,性別平等業務,行政支出,2.1.9
2013,3303012100,4405000,無細項,行政院主管,行政院,資通安全業務,行政支出,2.1.10
2013,3303012200,15145000,無細項,行政院主管,行政院,消費者保護業務,行政支出,2.1.11
2013,3303012300,52686000,無細項,行政院主管,行政院,資訊管理,行政支出,2.1.12
2013,3303012400,104669000,無細項,行政院主管,行政院,新聞傳播業務,行政支出,2.1.13
2013,3303019800,3586000,無細項,行政院主管,行政院,第一預備金,行政支出,2.1.15
2013,3303100100,830829000,無細項,行政院主管,主計總處,一般行政,行政支出,2.2.1
2013,3303101000,4500000,無細項,行政院主管,主計總處,中央總預算核編及執行,行政支出,2.2.2
2013,3303101100,2000000,無細項,行政院主管,主計總處,特種基金預算核編及執行,行政支出,2.2.3
2013,3303101200,2950000,無細項,行政院主管,主計總處,會計及決算業務,行政支出,2.2.4
2013,3303101300,33000000,無細項,行政院主管,主計總處,綜合統計業務,行政支出,2.2.5
2013,3303101400,93800000,無細項,行政院主管,主計總處,國勢普查業務,行政支出,2.2.6
2013,3303101500,16200000,無細項,行政院主管,主計總處,主計訓練業務,行政支出,2.2.7
2013,3303101600,44363000,無細項,行政院主管,主計總處,主計資訊業務,行政支出,2.2.8
2013,3303109800,1850000,無細項,行政院主管,主計總處,第一預備金,行政支出,2.2.10
2013,3303300100,372332000,無細項,行政院主管,人事行政總處,一般行政,行政支出,2.3.1
2013,3303309800,2000000,無細項,行政院主管,人事行政總處,第一預備金,行政支出,2.3.4
2013,7503303400,31378000,無細項,行政院主管,人事行政總處,第一屆資深中央民代自願退職給付,退休撫卹給付支出,2.3.5
2013,7503303600,9461000,無細項,行政院主管,人事行政總處,因公殘廢死亡慰問給付,退休撫卹給付支出,2.3.6
2013,7503304300,20000000,無細項,行政院主管,人事行政總處,公教員工資遣退職給付,退休撫卹給付支出,2.3.7
2013,8903304500,2091924000,無細項,行政院主管,人事行政總處,公教人員婚喪生育及子女教育補助,其他支出,2.3.8
2013,3303310100,58991000,無細項,行政院主管,公務人力發展中心,一般行政,行政支出,2.4.1
2013,3303311000,72394000,無細項,行政院主管,公務人力發展中心,訓練輔導及研究,行政支出,2.4.2
2013,3303319800,600000,無細項,行政院主管,公務人力發展中心,第一預備金,行政支出,2.4.3
2013,3303330100,98215000,無細項,行政院主管,地方行政研習中心,一般行政,行政支出,2.5.1
2013,3303330200,41940000,無細項,行政院主管,地方行政研習中心,地方公務人員訓練,行政支出,2.5.2
2013,3303339800,600000,無細項,行政院主管,地方行政研習中心,第一預備金,行政支出,2.5.3
2013,5303400100,529105000,無細項,行政院主管,國立故宮博物院,一般行政,文化支出,2.6.1
2013,5303400200,12930000,無細項,行政院主管,國立故宮博物院,文物管理,文化支出,2.6.2
2013,5303400300,77202000,無細項,行政院主管,國立故宮博物院,文物展覽,文化支出,2.6.3
2013,5303400400,112501000,無細項,行政院主管,國立故宮博物院,資訊管理,文化支出,2.6.4
2013,5303400500,7383000,無細項,行政院主管,國立故宮博物院,保存維護與文創行銷,文化支出,2.6.5
2013,5303400600,10722000,無細項,行政院主管,國立故宮博物院,安全系統管理維護,文化支出,2.6.6
2013,5303400700,800000000,無細項,行政院主管,國立故宮博物院,故宮南部院區籌建,文化支出,2.6.7
2013,5303409800,4000000,無細項,行政院主管,國立故宮博物院,第一預備金,文化支出,2.6.9
2013,6103500100,489278000,無細項,行政院主管,經濟建設委員會,一般行政,其他經濟服務支出,2.7.1
2013,6103509800,900000,無細項,行政院主管,經濟建設委員會,第一預備金,其他經濟服務支出,2.7.6
2013,3803640100,173788000,無細項,行政院主管,客家委員會及所屬,一般行政,民政支出,2.8.1
2013,3803641000,103650000,無細項,行政院主管,客家委員會及所屬,綜合規劃發展,民政支出,2.8.2
2013,3803649800,2000000,無細項,行政院主管,客家委員會及所屬,第一預備金,民政支出,2.8.3
2013,5303642000,147369000,無細項,行政院主管,客家委員會及所屬,客家文化產業發展,文化支出,2.8.4
2013,5303643000,1520578000,無細項,行政院主管,客家委員會及所屬,文化教育推展,文化支出,2.8.5
2013,5303644000,639385000,無細項,行政院主管,客家委員會及所屬,傳播行銷推展,文化支出,2.8.6
2013,5303645000,698554000,無細項,行政院主管,客家委員會及所屬,客家文化發展中心規劃與營運,文化支出,2.8.7
2013,3803670100,87462000,無細項,行政院主管,中央選舉委員會及所屬,一般行政,民政支出,2.9.1
2013,3803671000,6518000,無細項,行政院主管,中央選舉委員會及所屬,選舉業務,民政支出,2.9.2
2013,3803671100,333526000,無細項,行政院主管,中央選舉委員會及所屬,地方選舉委員會行政業務,民政支出,2.9.3
2013,3803671300,616045000,無細項,行政院主管,中央選舉委員會及所屬,政黨競選經費補助,民政支出,2.9.4
2013,3803679800,708000,無細項,行政院主管,中央選舉委員會及所屬,第一預備金,民政支出,2.9.6
2013,3303800100,275580000,無細項,行政院主管,研究發展考核委員會,一般行政,行政支出,2.10.1
2013,3303801000,11129000,無細項,行政院主管,研究發展考核委員會,研究發展,行政支出,2.10.2
2013,3303801100,5923000,無細項,行政院主管,研究發展考核委員會,綜合計畫,行政支出,2.10.3
2013,3303801200,5955000,無細項,行政院主管,研究發展考核委員會,管制考核,行政支出,2.10.4
2013,3303801300,208058000,無細項,行政院主管,研究發展考核委員會,資訊管理,行政支出,2.10.5
2013,3303801600,8159000,無細項,行政院主管,研究發展考核委員會,地方發展,行政支出,2.10.6
2013,3303801700,400000000,無細項,行政院主管,研究發展考核委員會,政府資通訊應用建設,行政支出,2.10.7
2013,3303801800,NaN,無細項,行政院主管,研究發展考核委員會,提升國人英語力建設,行政支出,2.10.8
2013,3303809800,300000,無細項,行政院主管,研究發展考核委員會,第一預備金,行政支出,2.10.10
2013,5203802100,59093000,無細項,行政院主管,研究發展考核委員會,社會發展政策研究,科學支出,2.10.11
2013,3303810100,147301000,無細項,行政院主管,檔案管理局,一般行政,行政支出,2.11.1
2013,3303811000,3253000,無細項,行政院主管,檔案管理局,檔案管理綜合企劃與管考,行政支出,2.11.2
2013,3303811100,907000,無細項,行政院主管,檔案管理局,檔案徵集作業,行政支出,2.11.3
2013,3303811200,1457000,無細項,行政院主管,檔案管理局,檔案典藏維護,行政支出,2.11.4
2013,3303811300,2483000,無細項,行政院主管,檔案管理局,檔案應用服務,行政支出,2.11.5
2013,3303811400,2183000,無細項,行政院主管,檔案管理局,檔案資訊作業,行政支出,2.11.6
2013,3303811800,135000000,無細項,行政院主管,檔案管理局,文書檔案資訊網路合一計畫,行政支出,2.11.7
2013,3303811900,15446000,無細項,行政院主管,檔案管理局,國家檔案永續典藏與多元服務計畫,行政支出,2.11.8
2013,3303819800,100000,無細項,行政院主管,檔案管理局,第一預備金,行政支出,2.11.10
2013,5203812100,NaN,無細項,行政院主管,檔案管理局,臺灣產業經濟檔案數位典藏計畫,科學支出,2.11.11
2013,6103820100,299542000,無細項,行政院主管,公平交易委員會,一般行政,其他經濟服務支出,2.12.1
2013,6103829800,500000,無細項,行政院主管,公平交易委員會,第一預備金,其他經濟服務支出,2.12.4
2013,6003850100,608278000,無細項,行政院主管,國家通訊傳播委員會,一般行政,交通支出,2.13.1
2013,6003859800,85000,無細項,行政院主管,國家通訊傳播委員會,第一預備金,交通支出,2.13.2
2013,3303900100,386340000,無細項,行政院主管,大陸委員會,一般行政,行政支出,2.14.1
2013,3303901000,55496000,無細項,行政院主管,大陸委員會,企劃業務,行政支出,2.14.2
2013,3303901200,54749000,無細項,行政院主管,大陸委員會,經濟業務,行政支出,2.14.3
2013,3303901300,245926000,無細項,行政院主管,大陸委員會,法政業務,行政支出,2.14.4
2013,3303901400,245339000,無細項,行政院主管,大陸委員會,港澳業務,行政支出,2.14.5
2013,3303901500,63421000,無細項,行政院主管,大陸委員會,聯絡業務,行政支出,2.14.6
2013,3303909800,1800000,無細項,行政院主管,大陸委員會,第一預備金,行政支出,2.14.8
2013,5203902100,10936000,無細項,行政院主管,大陸委員會,經濟發展政策研究,科學支出,2.14.9
2013,5303901100,67791000,無細項,行政院主管,大陸委員會,文教業務,文化支出,2.14.10
2013,3303910100,45369000,無細項,行政院主管,飛航安全調查委員會,一般行政,行政支出,2.15.1
2013,3303910200,8670000,無細項,行政院主管,飛航安全調查委員會,飛航安全業務,行政支出,2.15.2
2013,3303919800,500000,無細項,行政院主管,飛航安全調查委員會,第一預備金,行政支出,2.15.3
2013,3303950100,298501000,無細項,行政院主管,公共工程委員會,一般行政,行政支出,2.16.1
2013,3303951000,58378000,無細項,行政院主管,公共工程委員會,公共工程企劃及法規業務,行政支出,2.16.2
2013,3303952000,19284000,無細項,行政院主管,公共工程委員會,公共工程技術業務,行政支出,2.16.3
2013,3303953000,16187000,無細項,行政院主管,公共工程委員會,公共工程管理業務,行政支出,2.16.4
2013,3303959800,3100000,無細項,行政院主管,公共工程委員會,第一預備金,行政支出,2.16.5
2013,3803970100,263529000,無細項,行政院主管,原住民族委員會,一般行政,民政支出,2.17.1
2013,3803970200,144532000,無細項,行政院主管,原住民族委員會,綜合規劃發展,民政支出,2.17.2
2013,3803970500,1713884000,無細項,行政院主管,原住民族委員會,經濟及公共建設業務,民政支出,2.17.3
2013,3803970600,265605000,無細項,行政院主管,原住民族委員會,土地規劃管理利用業務,民政支出,2.17.4
2013,3803970800,546000000,無細項,行政院主管,原住民族委員會,補助原住民鄉鎮市,民政支出,2.17.5
2013,3803979800,10000000,無細項,行政院主管,原住民族委員會,第一預備金,民政支出,2.17.7
2013,5103970300,1372570000,無細項,行政院主管,原住民族委員會,原住民教育推展,教育支出,2.17.8
2013,6703970400,2084528000,無細項,行政院主管,原住民族委員會,社會服務推展,社會救助支出,2.17.9
2013,6703970900,287894000,無細項,行政院主管,原住民族委員會,促進原住民就業,社會救助支出,2.17.10
2013,3803960100,62707000,無細項,行政院主管,文化園區管理局,一般行政,民政支出,2.18.1
2013,3803960200,51807000,無細項,行政院主管,文化園區管理局,藝術展示表演及教育推廣業務,民政支出,2.18.2
2013,3803969800,500000,無細項,行政院主管,文化園區管理局,第一預備金,民政支出,2.18.4
2013,3404010100,1784858000,無細項,立法院主管,立法院,一般行政,立法支出,3.1.1
2013,3404010300,9590000,無細項,立法院主管,立法院,議事業務,立法支出,3.1.3
2013,3404010400,5580000,無細項,立法院主管,立法院,立法諮詢業務,立法支出,3.1.4
2013,3404010500,43386000,無細項,立法院主管,立法院,國會圖書業務,立法支出,3.1.5
2013,3404010600,23487000,無細項,立法院主管,立法院,公報業務,立法支出,3.1.6
2013,3404010700,13560000,無細項,立法院主管,立法院,黨團補助,立法支出,3.1.7
2013,3404019800,3000000,無細項,立法院主管,立法院,第一預備金,立法支出,3.1.9
2013,3505010100,915305000,無細項,司法院主管,司法院,一般行政,司法支出,4.1.1
2013,3505011000,6137000,無細項,司法院主管,司法院,大法官議事業務,司法支出,4.1.2
2013,3505011300,4074000,無細項,司法院主管,司法院,民事審判行政,司法支出,4.1.3
2013,3505011400,33060000,無細項,司法院主管,司法院,刑事審判行政,司法支出,4.1.4
2013,3505011500,7187000,無細項,司法院主管,司法院,行政訴訟及懲戒行政,司法支出,4.1.5
2013,3505011600,4575000,無細項,司法院主管,司法院,少年及家事審判行政,司法支出,4.1.6
2013,3505011700,15776000,無細項,司法院主管,司法院,司法業務規劃研考,司法支出,4.1.7
2013,3505019800,1017000,無細項,司法院主管,司法院,第一預備金,司法支出,4.1.9
2013,6805011900,943252000,無細項,司法院主管,司法院,對財團法人法律扶助基金會捐助,福利服務支出,4.1.10
2013,7505011900,172776000,無細項,司法院主管,司法院,司法官退休退養給付,退休撫卹給付支出,4.1.11
2013,3505050100,555402000,無細項,司法院主管,最高法院,一般行政,司法支出,4.2.1
2013,3505051000,6924000,無細項,司法院主管,最高法院,審判業務,司法支出,4.2.2
2013,3505059800,770000,無細項,司法院主管,最高法院,第一預備金,司法支出,4.2.4
2013,3505100100,176335000,無細項,司法院主管,最高行政法院,一般行政,司法支出,4.3.1
2013,3505101000,3689000,無細項,司法院主管,最高行政法院,行政訴訟審判,司法支出,4.3.2
2013,3505109800,238000,無細項,司法院主管,最高行政法院,第一預備金,司法支出,4.3.4
2013,3505110100,313691000,無細項,司法院主管,臺北高等行政法院,一般行政,司法支出,4.4.1
2013,3505111000,6517000,無細項,司法院主管,臺北高等行政法院,行政訴訟審判,司法支出,4.4.2
2013,3505118500,328688000,無細項,司法院主管,臺北高等行政法院,司法機關擴遷建計畫,司法支出,4.4.3
2013,3505119800,865000,無細項,司法院主管,臺北高等行政法院,第一預備金,司法支出,4.4.5
2013,3505120100,122828000,無細項,司法院主管,臺中高等行政法院,一般行政,司法支出,4.5.1
2013,3505121000,2631000,無細項,司法院主管,臺中高等行政法院,行政訴訟審判,司法支出,4.5.2
2013,3505129800,357000,無細項,司法院主管,臺中高等行政法院,第一預備金,司法支出,4.5.4
2013,3505130100,155279000,無細項,司法院主管,高雄高等行政法院,一般行政,司法支出,4.6.1
2013,3505131000,4633000,無細項,司法院主管,高雄高等行政法院,行政訴訟審判,司法支出,4.6.2
2013,3505139800,374000,無細項,司法院主管,高雄高等行政法院,第一預備金,司法支出,4.6.4
2013,3505200100,97591000,無細項,司法院主管,公務員懲戒委員會,一般行政,司法支出,4.7.1
2013,3505201000,1290000,無細項,司法院主管,公務員懲戒委員會,懲戒案件處理,司法支出,4.7.2
2013,3505209800,231000,無細項,司法院主管,公務員懲戒委員會,第一預備金,司法支出,4.7.4
2013,3505250100,77443000,無細項,司法院主管,司法人員研習所,一般行政,司法支出,4.8.1
2013,3505251000,42967000,無細項,司法院主管,司法人員研習所,研習業務,司法支出,4.8.2
2013,3505258500,432099000,無細項,司法院主管,司法人員研習所,司法機關擴遷建計畫,司法支出,4.8.3
2013,3505259800,300000,無細項,司法院主管,司法人員研習所,第一預備金,司法支出,4.8.5
2013,3505260100,192208000,無細項,司法院主管,智慧財產法院,一般行政,司法支出,4.9.1
2013,3505261000,8185000,無細項,司法院主管,智慧財產法院,審判業務,司法支出,4.9.2
2013,3505269800,200000,無細項,司法院主管,智慧財產法院,第一預備金,司法支出,4.9.4
2013,3505300100,1505723000,無細項,司法院主管,臺灣高等法院,一般行政,司法支出,4.10.1
2013,3505301000,42209000,無細項,司法院主管,臺灣高等法院,審判業務,司法支出,4.10.2
2013,3505301500,40237000,無細項,司法院主管,臺灣高等法院,刑事補償,司法支出,4.10.3
2013,3505309800,1511000,無細項,司法院主管,臺灣高等法院,第一預備金,司法支出,4.10.5
2013,3505310100,623886000,無細項,司法院主管,臺灣高等法院臺中分院,一般行政,司法支出,4.11.1
2013,3505311000,18137000,無細項,司法院主管,臺灣高等法院臺中分院,審判業務,司法支出,4.11.2
2013,3505319800,423000,無細項,司法院主管,臺灣高等法院臺中分院,第一預備金,司法支出,4.11.4
2013,3505320100,396401000,無細項,司法院主管,臺灣高等法院臺南分院,一般行政,司法支出,4.12.1
2013,3505321000,12248000,無細項,司法院主管,臺灣高等法院臺南分院,審判業務,司法支出,4.12.2
2013,3505329800,466000,無細項,司法院主管,臺灣高等法院臺南分院,第一預備金,司法支出,4.12.4
2013,3505330100,470414000,無細項,司法院主管,臺灣高等法院高雄分院,一般行政,司法支出,4.13.1
2013,3505331000,18409000,無細項,司法院主管,臺灣高等法院高雄分院,審判業務,司法支出,4.13.2
2013,3505339800,385000,無細項,司法院主管,臺灣高等法院高雄分院,第一預備金,司法支出,4.13.4
2013,3505340100,150765000,無細項,司法院主管,臺灣高等法院花蓮分院,一般行政,司法支出,4.14.1
2013,3505341000,7840000,無細項,司法院主管,臺灣高等法院花蓮分院,審判業務,司法支出,4.14.2
2013,3505349800,127000,無細項,司法院主管,臺灣高等法院花蓮分院,第一預備金,司法支出,4.14.4
2013,3505410100,1441383000,無細項,司法院主管,臺灣臺北地方法院,一般行政,司法支出,4.15.1
2013,3505411000,118800000,無細項,司法院主管,臺灣臺北地方法院,審判業務,司法支出,4.15.2
2013,3505411200,8108000,無細項,司法院主管,臺灣臺北地方法院,少年事件處理,司法支出,4.15.3
2013,3505411400,2854000,無細項,司法院主管,臺灣臺北地方法院,公證及提存事件處理,司法支出,4.15.4
2013,3505419800,1223000,無細項,司法院主管,臺灣臺北地方法院,第一預備金,司法支出,4.15.6
2013,3505420100,639219000,無細項,司法院主管,臺灣士林地方法院,一般行政,司法支出,4.16.1
2013,3505421000,71596000,無細項,司法院主管,臺灣士林地方法院,審判業務,司法支出,4.16.2
2013,3505421200,7740000,無細項,司法院主管,臺灣士林地方法院,少年事件處理,司法支出,4.16.3
2013,3505421400,760000,無細項,司法院主管,臺灣士林地方法院,公證及提存事件處理,司法支出,4.16.4
2013,3505429800,390000,無細項,司法院主管,臺灣士林地方法院,第一預備金,司法支出,4.16.6
2013,3505430100,1083955000,無細項,司法院主管,臺灣新北地方法院,一般行政,司法支出,4.17.1
2013,3505431000,97162000,無細項,司法院主管,臺灣新北地方法院,審判業務,司法支出,4.17.2
2013,3505431200,9945000,無細項,司法院主管,臺灣新北地方法院,少年事件處理,司法支出,4.17.3
2013,3505431400,819000,無細項,司法院主管,臺灣新北地方法院,公證及提存事件處理,司法支出,4.17.4
2013,3505439800,561000,無細項,司法院主管,臺灣新北地方法院,第一預備金,司法支出,4.17.6
2013,3505470100,810559000,無細項,司法院主管,臺灣桃園地方法院,一般行政,司法支出,4.18.1
2013,3505471000,86858000,無細項,司法院主管,臺灣桃園地方法院,審判業務,司法支出,4.18.2
2013,3505471200,14302000,無細項,司法院主管,臺灣桃園地方法院,少年事件處理,司法支出,4.18.3
2013,3505471400,1434000,無細項,司法院主管,臺灣桃園地方法院,公證及提存事件處理,司法支出,4.18.4
2013,3505478500,6743000,無細項,司法院主管,臺灣桃園地方法院,司法機關擴遷建計畫,司法支出,4.18.5
2013,3505479800,340000,無細項,司法院主管,臺灣桃園地方法院,第一預備金,司法支出,4.18.7
2013,3505480100,411704000,無細項,司法院主管,臺灣新竹地方法院,一般行政,司法支出,4.19.1
2013,3505481000,35586000,無細項,司法院主管,臺灣新竹地方法院,審判業務,司法支出,4.19.2
2013,3505481200,4903000,無細項,司法院主管,臺灣新竹地方法院,少年事件處理,司法支出,4.19.3
2013,3505481400,441000,無細項,司法院主管,臺灣新竹地方法院,公證及提存事件處理,司法支出,4.19.4
2013,3505488500,433090000,無細項,司法院主管,臺灣新竹地方法院,司法機關擴遷建計畫,司法支出,4.19.5
2013,3505489800,335000,無細項,司法院主管,臺灣新竹地方法院,第一預備金,司法支出,4.19.7
2013,3505490100,278828000,無細項,司法院主管,臺灣苗栗地方法院,一般行政,司法支出,4.20.1
2013,3505491000,25952000,無細項,司法院主管,臺灣苗栗地方法院,審判業務,司法支出,4.20.2
2013,3505491200,3942000,無細項,司法院主管,臺灣苗栗地方法院,少年事件處理,司法支出,4.20.3
2013,3505491400,300000,無細項,司法院主管,臺灣苗栗地方法院,公證及提存事件處理,司法支出,4.20.4
2013,3505499800,527000,無細項,司法院主管,臺灣苗栗地方法院,第一預備金,司法支出,4.20.6
2013,3505500100,1175530000,無細項,司法院主管,臺灣臺中地方法院,一般行政,司法支出,4.21.1
2013,3505501000,102237000,無細項,司法院主管,臺灣臺中地方法院,審判業務,司法支出,4.21.2
2013,3505501200,9034000,無細項,司法院主管,臺灣臺中地方法院,少年事件處理,司法支出,4.21.3
2013,3505501400,1544000,無細項,司法院主管,臺灣臺中地方法院,公證及提存事件處理,司法支出,4.21.4
2013,3505509800,708000,無細項,司法院主管,臺灣臺中地方法院,第一預備金,司法支出,4.21.6
2013,3505510100,270086000,無細項,司法院主管,臺灣南投地方法院,一般行政,司法支出,4.22.1
2013,3505511000,24271000,無細項,司法院主管,臺灣南投地方法院,審判業務,司法支出,4.22.2
2013,3505511200,5003000,無細項,司法院主管,臺灣南投地方法院,少年事件處理,司法支出,4.22.3
2013,3505511400,507000,無細項,司法院主管,臺灣南投地方法院,公證及提存事件處理,司法支出,4.22.4
2013,3505519800,513000,無細項,司法院主管,臺灣南投地方法院,第一預備金,司法支出,4.22.6
2013,3505520100,505809000,無細項,司法院主管,臺灣彰化地方法院,一般行政,司法支出,4.23.1
2013,3505521000,45731000,無細項,司法院主管,臺灣彰化地方法院,審判業務,司法支出,4.23.2
2013,3505521200,4593000,無細項,司法院主管,臺灣彰化地方法院,少年事件處理,司法支出,4.23.3
2013,3505521400,453000,無細項,司法院主管,臺灣彰化地方法院,公證及提存事件處理,司法支出,4.23.4
2013,3505528500,531872000,無細項,司法院主管,臺灣彰化地方法院,司法機關擴遷建計畫,司法支出,4.23.5
2013,3505529800,283000,無細項,司法院主管,臺灣彰化地方法院,第一預備金,司法支出,4.23.7
2013,3505530100,345566000,無細項,司法院主管,臺灣雲林地方法院,一般行政,司法支出,4.24.1
2013,3505531000,32310000,無細項,司法院主管,臺灣雲林地方法院,審判業務,司法支出,4.24.2
2013,3505531200,5429000,無細項,司法院主管,臺灣雲林地方法院,少年事件處理,司法支出,4.24.3
2013,3505531400,267000,無細項,司法院主管,臺灣雲林地方法院,公證及提存事件處理,司法支出,4.24.4
2013,3505539800,263000,無細項,司法院主管,臺灣雲林地方法院,第一預備金,司法支出,4.24.6
2013,3505540100,402601000,無細項,司法院主管,臺灣嘉義地方法院,一般行政,司法支出,4.25.1
2013,3505541000,38798000,無細項,司法院主管,臺灣嘉義地方法院,審判業務,司法支出,4.25.2
2013,3505541200,4230000,無細項,司法院主管,臺灣嘉義地方法院,少年事件處理,司法支出,4.25.3
2013,3505541400,553000,無細項,司法院主管,臺灣嘉義地方法院,公證及提存事件處理,司法支出,4.25.4
2013,3505549800,258000,無細項,司法院主管,臺灣嘉義地方法院,第一預備金,司法支出,4.25.6
2013,3505560100,790154000,無細項,司法院主管,臺灣臺南地方法院,一般行政,司法支出,4.26.1
2013,3505561000,86919000,無細項,司法院主管,臺灣臺南地方法院,審判業務,司法支出,4.26.2
2013,3505561200,8386000,無細項,司法院主管,臺灣臺南地方法院,少年事件處理,司法支出,4.26.3
2013,3505561400,887000,無細項,司法院主管,臺灣臺南地方法院,公證及提存事件處理,司法支出,4.26.4
2013,3505569800,456000,無細項,司法院主管,臺灣臺南地方法院,第一預備金,司法支出,4.26.6
2013,3505580100,1171104000,無細項,司法院主管,臺灣高雄地方法院,一般行政,司法支出,4.27.1
2013,3505581000,139370000,無細項,司法院主管,臺灣高雄地方法院,審判業務,司法支出,4.27.2
2013,3505581400,1594000,無細項,司法院主管,臺灣高雄地方法院,公證及提存事件處理,司法支出,4.27.3
2013,3505588500,497441000,無細項,司法院主管,臺灣高雄地方法院,司法機關擴遷建計畫,司法支出,4.27.4
2013,3505589800,791000,無細項,司法院主管,臺灣高雄地方法院,第一預備金,司法支出,4.27.6
2013,3505590100,433905000,無細項,司法院主管,臺灣屏東地方法院,一般行政,司法支出,4.28.1
2013,3505591000,42651000,無細項,司法院主管,臺灣屏東地方法院,審判業務,司法支出,4.28.2
2013,3505591200,6920000,無細項,司法院主管,臺灣屏東地方法院,少年事件處理,司法支出,4.28.3
2013,3505591400,436000,無細項,司法院主管,臺灣屏東地方法院,公證及提存事件處理,司法支出,4.28.4
2013,3505598500,20809000,無細項,司法院主管,臺灣屏東地方法院,司法機關擴遷建計畫,司法支出,4.28.5
2013,3505599800,280000,無細項,司法院主管,臺灣屏東地方法院,第一預備金,司法支出,4.28.7
2013,3505600100,200887000,無細項,司法院主管,臺灣臺東地方法院,一般行政,司法支出,4.29.1
2013,3505601000,13487000,無細項,司法院主管,臺灣臺東地方法院,審判業務,司法支出,4.29.2
2013,3505601200,3940000,無細項,司法院主管,臺灣臺東地方法院,少年事件處理,司法支出,4.29.3
2013,3505601400,213000,無細項,司法院主管,臺灣臺東地方法院,公證及提存事件處理,司法支出,4.29.4
2013,3505609800,133000,無細項,司法院主管,臺灣臺東地方法院,第一預備金,司法支出,4.29.6
2013,3505610100,245704000,無細項,司法院主管,臺灣花蓮地方法院,一般行政,司法支出,4.30.1
2013,3505611000,21029000,無細項,司法院主管,臺灣花蓮地方法院,審判業務,司法支出,4.30.2
2013,3505611200,8462000,無細項,司法院主管,臺灣花蓮地方法院,少年事件處理,司法支出,4.30.3
2013,3505611400,252000,無細項,司法院主管,臺灣花蓮地方法院,公證及提存事件處理,司法支出,4.30.4
2013,3505619800,162000,無細項,司法院主管,臺灣花蓮地方法院,第一預備金,司法支出,4.30.6
2013,3505620100,245738000,無細項,司法院主管,臺灣宜蘭地方法院,一般行政,司法支出,4.31.1
2013,3505621000,20554000,無細項,司法院主管,臺灣宜蘭地方法院,審判業務,司法支出,4.31.2
2013,3505621200,3562000,無細項,司法院主管,臺灣宜蘭地方法院,少年事件處理,司法支出,4.31.3
2013,3505621400,100000,無細項,司法院主管,臺灣宜蘭地方法院,公證及提存事件處理,司法支出,4.31.4
2013,3505629800,153000,無細項,司法院主管,臺灣宜蘭地方法院,第一預備金,司法支出,4.31.6
2013,3505630100,286496000,無細項,司法院主管,臺灣基隆地方法院,一般行政,司法支出,4.32.1
2013,3505631000,26137000,無細項,司法院主管,臺灣基隆地方法院,審判業務,司法支出,4.32.2
2013,3505631200,3527000,無細項,司法院主管,臺灣基隆地方法院,少年事件處理,司法支出,4.32.3
2013,3505631400,176000,無細項,司法院主管,臺灣基隆地方法院,公證及提存事件處理,司法支出,4.32.4
2013,3505639800,196000,無細項,司法院主管,臺灣基隆地方法院,第一預備金,司法支出,4.32.6
2013,3505640100,107545000,無細項,司法院主管,臺灣澎湖地方法院,一般行政,司法支出,4.33.1
2013,3505641000,4949000,無細項,司法院主管,臺灣澎湖地方法院,審判業務,司法支出,4.33.2
2013,3505641200,592000,無細項,司法院主管,臺灣澎湖地方法院,少年事件處理,司法支出,4.33.3
2013,3505641400,245000,無細項,司法院主管,臺灣澎湖地方法院,公證及提存事件處理,司法支出,4.33.4
2013,3505649800,89000,無細項,司法院主管,臺灣澎湖地方法院,第一預備金,司法支出,4.33.6
2013,3505800100,221382000,無細項,司法院主管,臺灣高雄少年及家事法院,一般行政,司法支出,4.34.1
2013,3505801000,9255000,無細項,司法院主管,臺灣高雄少年及家事法院,審判業務,司法支出,4.34.2
2013,3505801200,22076000,無細項,司法院主管,臺灣高雄少年及家事法院,少年事件處理,司法支出,4.34.3
2013,3505809800,966000,無細項,司法院主管,臺灣高雄少年及家事法院,第一預備金,司法支出,4.34.5
2013,3505900100,25617000,無細項,司法院主管,福建高等法院金門分院,一般行政,司法支出,4.35.1
2013,3505901000,1449000,無細項,司法院主管,福建高等法院金門分院,審判業務,司法支出,4.35.2
2013,3505909800,28000,無細項,司法院主管,福建高等法院金門分院,第一預備金,司法支出,4.35.4
2013,3505910100,79551000,無細項,司法院主管,福建金門地方法院,一般行政,司法支出,4.36.1
2013,3505911000,3324000,無細項,司法院主管,福建金門地方法院,審判業務,司法支出,4.36.2
2013,3505911200,889000,無細項,司法院主管,福建金門地方法院,少年事件處理,司法支出,4.36.3
2013,3505911400,92000,無細項,司法院主管,福建金門地方法院,公證及提存事件處理,司法支出,4.36.4
2013,3505919800,67000,無細項,司法院主管,福建金門地方法院,第一預備金,司法支出,4.36.6
2013,3505930100,21339000,無細項,司法院主管,福建連江地方法院,一般行政,司法支出,4.37.1
2013,3505931000,988000,無細項,司法院主管,福建連江地方法院,審判業務,司法支出,4.37.2
2013,3505931200,201000,無細項,司法院主管,福建連江地方法院,少年事件處理,司法支出,4.37.3
2013,3505931400,27000,無細項,司法院主管,福建連江地方法院,公證及提存事件處理,司法支出,4.37.4
2013,3505939800,28000,無細項,司法院主管,福建連江地方法院,第一預備金,司法支出,4.37.6
2013,3606010100,343019000,無細項,考試院主管,考試院,一般行政,考試支出,5.1.1
2013,3606011200,4024000,無細項,考試院主管,考試院,議事業務,考試支出,5.1.2
2013,3606011300,1534000,無細項,考試院主管,考試院,法制業務,考試支出,5.1.3
2013,3606011400,13440000,無細項,考試院主管,考試院,施政業務及督導,考試支出,5.1.4
2013,3606019800,1050000,無細項,考試院主管,考試院,第一預備金,考試支出,5.1.6
2013,3606100100,300659000,無細項,考試院主管,考選部,一般行政,考試支出,5.2.1
2013,3606109800,784000,無細項,考試院主管,考選部,第一預備金,考試支出,5.2.4
2013,3606200100,396913000,無細項,考試院主管,銓敘部,一般行政,考試支出,5.3.1
2013,3606200200,9653000,無細項,考試院主管,銓敘部,人事法制及銓敘,考試支出,5.3.2
2013,3606209800,776000,無細項,考試院主管,銓敘部,第一預備金,考試支出,5.3.3
2013,6606200300,215153000,無細項,考試院主管,銓敘部,公務人員保險管理及監理,社會保險支出,5.3.4
2013,6806205800,28825000,無細項,考試院主管,銓敘部,早期退休公教人員生活困難照護金,福利服務支出,5.3.5
2013,7506205300,21391761000,無細項,考試院主管,銓敘部,公務人員退休撫卹給付,退休撫卹給付支出,5.3.6
2013,3606300100,136673000,無細項,考試院主管,公務人員保障暨培訓委員會,一般行政,考試支出,5.4.1
2013,3606309800,1107000,無細項,考試院主管,公務人員保障暨培訓委員會,第一預備金,考試支出,5.4.4
2013,3606400100,101070000,無細項,考試院主管,國家文官學院及所屬,一般行政,考試支出,5.5.1
2013,3606401100,115064000,無細項,考試院主管,國家文官學院及所屬,國家文官培訓業務,考試支出,5.5.2
2013,3606401200,62965000,無細項,考試院主管,國家文官學院及所屬,中區公務人員培訓,考試支出,5.5.3
2013,3606409800,459000,無細項,考試院主管,國家文官學院及所屬,第一預備金,考試支出,5.5.5
2013,7606500100,39268000,無細項,考試院主管,公務人員退休撫卹基金監理委員會,一般行政,退休撫卹業務支出,5.6.1
2013,7606502100,2476000,無細項,考試院主管,公務人員退休撫卹基金監理委員會,退撫基金監理,退休撫卹業務支出,5.6.2
2013,7606509800,100000,無細項,考試院主管,公務人員退休撫卹基金監理委員會,第一預備金,退休撫卹業務支出,5.6.3
2013,7506605300,740000000,無細項,考試院主管,公務人員退休撫卹基金管理委員會,公務人員退休撫卹給付,退休撫卹給付支出,5.7.1
2013,7606600100,111980000,無細項,考試院主管,公務人員退休撫卹基金管理委員會,一般行政,退休撫卹業務支出,5.7.2
2013,7606600600,21286000,無細項,考試院主管,公務人員退休撫卹基金管理委員會,退撫基金管理,退休撫卹業務支出,5.7.3
2013,7606609800,300000,無細項,考試院主管,公務人員退休撫卹基金管理委員會,第一預備金,退休撫卹業務支出,5.7.4
2013,3707010100,676490000,無細項,監察院主管,監察院,一般行政,監察支出,6.1.1
2013,3707010300,8833000,無細項,監察院主管,監察院,議事業務,監察支出,6.1.2
2013,3707010900,21741000,無細項,監察院主管,監察院,調查巡察業務,監察支出,6.1.3
2013,3707011200,8998000,無細項,監察院主管,監察院,財產申報業務,監察支出,6.1.4
2013,3707019800,922000,無細項,監察院主管,監察院,第一預備金,監察支出,6.1.6
2013,3707100100,974420000,無細項,監察院主管,審計部,一般行政,監察支出,6.2.1
2013,3707101000,32004000,無細項,監察院主管,審計部,中央政府審計,監察支出,6.2.2
2013,3707102000,10925000,無細項,監察院主管,審計部,縣市地方審計,監察支出,6.2.3
2013,3707109800,3375000,無細項,監察院主管,審計部,第一預備金,監察支出,6.2.5
2013,3707600100,70504000,無細項,監察院主管,審計部臺北市審計處,一般行政,監察支出,6.3.1
2013,3707601000,2135000,無細項,監察院主管,審計部臺北市審計處,審計業務,監察支出,6.3.2
2013,3707609800,136000,無細項,監察院主管,審計部臺北市審計處,第一預備金,監察支出,6.3.3
2013,3707620100,54168000,無細項,監察院主管,審計部新北市審計處,一般行政,監察支出,6.4.1
2013,3707621000,2049000,無細項,監察院主管,審計部新北市審計處,審計業務,監察支出,6.4.2
2013,3707629800,102000,無細項,監察院主管,審計部新北市審計處,第一預備金,監察支出,6.4.3
2013,3707640100,59602000,無細項,監察院主管,審計部臺中市審計處,一般行政,監察支出,6.5.1
2013,3707641000,1674000,無細項,監察院主管,審計部臺中市審計處,審計業務,監察支出,6.5.2
2013,3707649800,102000,無細項,監察院主管,審計部臺中市審計處,第一預備金,監察支出,6.5.3
2013,3707660100,60636000,無細項,監察院主管,審計部臺南市審計處,一般行政,監察支出,6.6.1
2013,3707661000,1817000,無細項,監察院主管,審計部臺南市審計處,審計業務,監察支出,6.6.2
2013,3707669800,102000,無細項,監察院主管,審計部臺南市審計處,第一預備金,監察支出,6.6.3
2013,3707700100,76240000,無細項,監察院主管,審計部高雄市審計處,一般行政,監察支出,6.7.1
2013,3707701000,1538000,無細項,監察院主管,審計部高雄市審計處,審計業務,監察支出,6.7.2
2013,3707709800,92000,無細項,監察院主管,審計部高雄市審計處,第一預備金,監察支出,6.7.3
2013,3808010100,1161516000,無細項,內政部主管,內政部,一般行政,民政支出,7.1.1
2013,3808011000,1003400000,無細項,內政部主管,內政部,民政業務,民政支出,7.1.2
2013,3808011500,162666000,無細項,內政部主管,內政部,戶政業務,民政支出,7.1.3
2013,3808012700,902852000,無細項,內政部主管,內政部,土地測量,民政支出,7.1.5
2013,3808012800,160790000,無細項,內政部主管,內政部,土地開發,民政支出,7.1.6
2013,3808013000,314560000,無細項,內政部主管,內政部,內政資訊業務,民政支出,7.1.7
2013,3808019800,28603000,無細項,內政部主管,內政部,第一預備金,民政支出,7.1.9
2013,6608013700,86602480000,無細項,內政部主管,內政部,社會保險業務,社會保險支出,7.1.10
2013,6708013800,1707105000,無細項,內政部主管,內政部,社會救助業務,社會救助支出,7.1.11
2013,6808013500,41866000,無細項,內政部主管,內政部,社會行政業務,福利服務支出,7.1.12
2013,6808013600,7513341000,無細項,內政部主管,內政部,社會福利服務業務,福利服務支出,7.1.13
2013,5808112000,244642000,無細項,內政部主管,營建署及所屬,公園規劃業務,農業支出,7.2.1
2013,5908110100,1040214000,無細項,內政部主管,營建署及所屬,一般行政,工業支出,7.2.3
2013,5908111000,4839407000,無細項,內政部主管,營建署及所屬,營建業務,工業支出,7.2.4
2013,5908112100,328079000,無細項,內政部主管,營建署及所屬,區域及都市規劃業務,工業支出,7.2.5
2013,5908119800,3017000,無細項,內政部主管,營建署及所屬,第一預備金,工業支出,7.2.6
2013,6008115500,7691755000,無細項,內政部主管,營建署及所屬,道路建設及養護,交通支出,7.2.7
2013,7208114000,11216795000,無細項,內政部主管,營建署及所屬,下水道管理業務,環境保護支出,7.2.8
2013,3808210100,15612270000,無細項,內政部主管,警政署及所屬,一般行政,民政支出,7.3.1
2013,3808211000,908711000,無細項,內政部主管,警政署及所屬,警政業務,民政支出,7.3.2
2013,3808211200,605720000,無細項,內政部主管,警政署及所屬,警務管理,民政支出,7.3.3
2013,3808211300,678500000,無細項,內政部主管,警政署及所屬,保安警察業務,民政支出,7.3.4
2013,3808211400,380624000,無細項,內政部主管,警政署及所屬,國道警察業務,民政支出,7.3.5
2013,3808211500,803882000,無細項,內政部主管,警政署及所屬,刑事警察業務,民政支出,7.3.6
2013,3808211600,1300941000,無細項,內政部主管,警政署及所屬,初級警察教育,民政支出,7.3.7
2013,3808219800,47000000,無細項,內政部主管,警政署及所屬,第一預備金,民政支出,7.3.9
2013,3808410100,556257000,無細項,內政部主管,中央警察大學,一般行政,民政支出,7.4.1
2013,3808410200,538989000,無細項,內政部主管,中央警察大學,高級警察教育,民政支出,7.4.2
2013,3808419800,1459000,無細項,內政部主管,中央警察大學,第一預備金,民政支出,7.4.4
2013,3808510100,488912000,無細項,內政部主管,消防署及所屬,一般行政,民政支出,7.5.1
2013,3808511000,832364000,無細項,內政部主管,消防署及所屬,消防救災業務,民政支出,7.5.2
2013,3808512000,283948000,無細項,內政部主管,消防署及所屬,港務消防業務,民政支出,7.5.3
2013,3808519800,1620000,無細項,內政部主管,消防署及所屬,第一預備金,民政支出,7.5.4
2013,3808550100,195487000,無細項,內政部主管,役政署,一般行政,民政支出,7.6.1
2013,3808551000,5180835000,無細項,內政部主管,役政署,役政業務,民政支出,7.6.2
2013,3808559800,2000000,無細項,內政部主管,役政署,第一預備金,民政支出,7.6.3
2013,3808580100,3125887000,無細項,內政部主管,入出國及移民署,一般行政,民政支出,7.7.1
2013,3808581100,965440000,無細項,內政部主管,入出國及移民署,入出國及移民管理業務,民政支出,7.7.2
2013,3808589800,2000000,無細項,內政部主管,入出國及移民署,第一預備金,民政支出,7.7.4
2013,5208610100,84838000,無細項,內政部主管,建築研究所,一般行政,科學支出,7.8.1
2013,5208615500,424644000,無細項,內政部主管,建築研究所,建築研究業務,科學支出,7.8.2
2013,5208619800,180000,無細項,內政部主管,建築研究所,第一預備金,科學支出,7.8.3
2013,3808650100,397146000,無細項,內政部主管,空中勤務總隊,一般行政,民政支出,7.9.1
2013,3808651000,585018000,無細項,內政部主管,空中勤務總隊,空中勤務業務,民政支出,7.9.2
2013,3808659800,1000000,無細項,內政部主管,空中勤務總隊,第一預備金,民政支出,7.9.4
2013,6808710100,77382000,無細項,內政部主管,兒童局,一般行政,福利服務支出,7.10.1
2013,6808716500,5884140000,無細項,內政部主管,兒童局,兒童及少年福利業務,福利服務支出,7.10.2
2013,6808716600,989903000,無細項,內政部主管,兒童局,兒童托育業務,福利服務支出,7.10.3
2013,6808716700,215801000,無細項,內政部主管,兒童局,保護服務業務,福利服務支出,7.10.4
2013,6808719800,270000,無細項,內政部主管,兒童局,第一預備金,福利服務支出,7.10.5
2013,3911010100,7709301000,無細項,外交部主管,外交部,一般行政,外交支出,8.1.1
2013,3911011300,3459732000,無細項,外交部主管,外交部,駐外機構業務,外交支出,8.1.3
2013,3911011400,1758316000,無細項,外交部主管,外交部,國際會議及交流,外交支出,8.1.4
2013,3911011500,9466599000,無細項,外交部主管,外交部,國際合作,外交支出,8.1.5
2013,3911016100,210876000,無細項,外交部主管,外交部,國際關懷與救助,外交支出,8.1.6
2013,3911019800,180000000,無細項,外交部主管,外交部,第一預備金,外交支出,8.1.8
2013,391101A000,908075000,無細項,外交部主管,外交部,外交支出機密預算,外交支出,8.1.9
2013,3911100100,268058000,無細項,外交部主管,領事事務局,一般行政,外交支出,8.2.1
2013,3911101000,949449000,無細項,外交部主管,領事事務局,領事事務管理,外交支出,8.2.2
2013,3911109800,1500000,無細項,外交部主管,領事事務局,第一預備金,外交支出,8.2.4
2013,3911200100,76721000,無細項,外交部主管,外交及國際事務學院,一般行政,外交支出,8.3.1
2013,3911209800,125000,無細項,外交部主管,外交及國際事務學院,第一預備金,外交支出,8.3.3
2013,4814010100,520259000,無細項,國防部主管,國防部,一般行政,國防支出,9.1.1
2013,4814011000,210625000,無細項,國防部主管,國防部,國防政策規劃與督導,國防支出,9.1.2
2013,4814020100,3557523000,無細項,國防部主管,國防部所屬,軍事行政,國防支出,9.2.1
2013,4814020200,925852000,無細項,國防部主管,國防部所屬,情報行政,國防支出,9.2.2
2013,4814021200,6343005000,無細項,國防部主管,國防部所屬,教育訓練業務,國防支出,9.2.3
2013,4814021400,56418383000,無細項,國防部主管,國防部所屬,後勤及通資業務,國防支出,9.2.4
2013,4814021500,63631224000,無細項,國防部主管,國防部所屬,一般裝備,國防支出,9.2.5
2013,4814021900,154058913000,無細項,國防部主管,國防部所屬,軍事人員,國防支出,9.2.6
2013,4814029800,800000000,無細項,國防部主管,國防部所屬,第一預備金,國防支出,9.2.9
2013,481402B000,14832235000,無細項,國防部主管,國防部所屬,國防支出(機密計畫),國防支出,9.2.10
2013,5214021800,144370000,無細項,國防部主管,國防部所屬,一般科學研究,科學支出,9.2.11
2013,521402C000,2996032000,無細項,國防部主管,國防部所屬,科學支出(機密計畫),科學支出,9.2.12
2013,7214022300,943342000,無細項,國防部主管,國防部所屬,環保業務,環境保護支出,9.2.13
2013,7514022100,1348000000,無細項,國防部主管,國防部所屬,退休撫卹,退休撫卹給付支出,9.2.14
2013,8914022200,1816450000,無細項,國防部主管,國防部所屬,軍眷維持,其他支出,9.2.15
2013,4017010100,507764000,無細項,財政部主管,財政部,一般行政,財務支出,10.1.1
2013,4017010200,48127000,無細項,財政部主管,財政部,財政人員訓練,財務支出,10.1.2
2013,4017010300,67465000,無細項,財政部主管,財政部,促參業務,財務支出,10.1.3
2013,4017019800,4200000,無細項,財政部主管,財政部,第一預備金,財務支出,10.1.5
2013,6117016000,173500000,無細項,財政部主管,財政部,捐助支出,其他經濟服務支出,10.1.6
2013,6617015500,19624963000,無細項,財政部主管,財政部,對公教人員保險養老給付補助,社會保險支出,10.1.10
2013,4017100100,381778000,無細項,財政部主管,國庫署,一般行政,財務支出,10.2.1
2013,4017101000,589647000,無細項,財政部主管,國庫署,國庫業務,財務支出,10.2.2
2013,4017109800,1340000,無細項,財政部主管,國庫署,第一預備金,財務支出,10.2.4
2013,7917104500,128680619000,無細項,財政部主管,國庫署,國債付息,債務付息支出,10.2.5
2013,8017104600,567963000,無細項,財政部主管,國庫署,國債經理,還本付息事務支出,10.2.6
2013,8417102000,8924000000,無細項,財政部主管,國庫署,地方政府統籌分配稅款短少補助,專案補助支出,10.2.7
2013,4017200100,421596000,無細項,財政部主管,賦稅署,一般行政,財務支出,10.3.1
2013,4017201000,59348000,無細項,財政部主管,賦稅署,賦稅業務,財務支出,10.3.2
2013,4017205000,8881320000,無細項,財政部主管,賦稅署,統一發票給獎及推行,財務支出,10.3.3
2013,4017209800,735000,無細項,財政部主管,賦稅署,第一預備金,財務支出,10.3.4
2013,8417202000,5791728000,無細項,財政部主管,賦稅署,地方政府稅款短少補助,專案補助支出,10.3.5
2013,4017250100,2158509000,無細項,財政部主管,臺北國稅局,一般行政,財務支出,10.4.1
2013,4017250200,391276000,無細項,財政部主管,臺北國稅局,國稅稽徵業務,財務支出,10.4.2
2013,4017259800,450000,無細項,財政部主管,臺北國稅局,第一預備金,財務支出,10.4.3
2013,4017270100,1415881000,無細項,財政部主管,高雄國稅局,一般行政,財務支出,10.5.1
2013,4017270200,204894000,無細項,財政部主管,高雄國稅局,國稅稽徵業務,財務支出,10.5.2
2013,4017279800,200000,無細項,財政部主管,高雄國稅局,第一預備金,財務支出,10.5.4
2013,4017290100,2271023000,無細項,財政部主管,北區國稅局及所屬,一般行政,財務支出,10.6.1
2013,4017290200,420852000,無細項,財政部主管,北區國稅局及所屬,國稅稽徵業務,財務支出,10.6.2
2013,4017299800,400000,無細項,財政部主管,北區國稅局及所屬,第一預備金,財務支出,10.6.4
2013,4017310100,1929863000,無細項,財政部主管,中區國稅局及所屬,一般行政,財務支出,10.7.1
2013,4017310200,332232000,無細項,財政部主管,中區國稅局及所屬,國稅稽徵業務,財務支出,10.7.2
2013,4017319800,500000,無細項,財政部主管,中區國稅局及所屬,第一預備金,財務支出,10.7.4
2013,4017330100,1535165000,無細項,財政部主管,南區國稅局及所屬,一般行政,財務支出,10.8.1
2013,4017330200,267853000,無細項,財政部主管,南區國稅局及所屬,國稅稽徵業務,財務支出,10.8.2
2013,4017339800,500000,無細項,財政部主管,南區國稅局及所屬,第一預備金,財務支出,10.8.4
2013,4017350100,5600779000,無細項,財政部主管,關務署及所屬,一般行政,財務支出,10.9.1
2013,4017350200,608555000,無細項,財政部主管,關務署及所屬,關稅業務,財務支出,10.9.2
2013,4017359800,12850000,無細項,財政部主管,關務署及所屬,第一預備金,財務支出,10.9.4
2013,6117350300,515600000,無細項,財政部主管,關務署及所屬,優質經貿網絡,其他經濟服務支出,10.9.5
2013,4017400100,873150000,無細項,財政部主管,國有財產署及所屬,一般行政,財務支出,10.10.1
2013,4017400200,1037489000,無細項,財政部主管,國有財產署及所屬,國有財產業務,財務支出,10.10.2
2013,4017409800,600000,無細項,財政部主管,國有財產署及所屬,第一預備金,財務支出,10.10.4
2013,4017600100,444821000,無細項,財政部主管,財政資訊中心,一般行政,財務支出,10.11.1
2013,4017601000,1392411000,無細項,財政部主管,財政資訊中心,財政資訊業務,財務支出,10.11.2
2013,4017609800,1655000,無細項,財政部主管,財政資訊中心,第一預備金,財務支出,10.11.4
2013,5120010100,748411000,無細項,教育部主管,教育部,一般行政,教育支出,11.1.1
2013,5120019800,466292000,無細項,教育部主管,教育部,第一預備金,教育支出,11.1.9
2013,7520012100,15986674000,無細項,教育部主管,教育部,學校教職員暨社教機構聘任人員退休撫卹給付,退休撫卹給付支出,11.1.12
2013,5120100100,263625000,無細項,教育部主管,國民及學前教育署,一般行政,教育支出,11.2.1
2013,5120109800,40000000,無細項,教育部主管,國民及學前教育署,第一預備金,教育支出,11.2.5
2013,5120203000,1513367000,無細項,教育部主管,體育署,學校體育教育,教育支出,11.3.1
2013,5320200100,185432000,無細項,教育部主管,體育署,一般行政,文化支出,11.3.2
2013,5320201000,31768000,無細項,教育部主管,體育署,體育行政業務,文化支出,11.3.3
2013,5320202000,3348336000,無細項,教育部主管,體育署,國家體育建設,文化支出,11.3.4
2013,5320209800,3200000,無細項,教育部主管,體育署,第一預備金,文化支出,11.3.5
2013,5120300100,86764000,無細項,教育部主管,青年發展署,一般行政,教育支出,11.4.1
2013,5120309800,783000,無細項,教育部主管,青年發展署,第一預備金,教育支出,11.4.4
2013,7121710100,83480000,無細項,教育部主管,國立中國醫藥研究所,一般行政,醫療保健支出,11.5.1
2013,7121711000,42109000,無細項,教育部主管,國立中國醫藥研究所,研究及實驗,醫療保健支出,11.5.2
2013,7121719800,150000,無細項,教育部主管,國立中國醫藥研究所,第一預備金,醫療保健支出,11.5.3
2013,5321730100,199726000,無細項,教育部主管,國家圖書館,一般行政,文化支出,11.6.1
2013,5321739800,845000,無細項,教育部主管,國家圖書館,第一預備金,文化支出,11.6.4
2013,5321800100,116710000,無細項,教育部主管,國立公共資訊圖書館,一般行政,文化支出,11.7.1
2013,5321801000,43115000,無細項,教育部主管,國立公共資訊圖書館,館務業務活動,文化支出,11.7.2
2013,5321809800,100000,無細項,教育部主管,國立公共資訊圖書館,第一預備金,文化支出,11.7.3
2013,5321870100,151140000,無細項,教育部主管,國立教育廣播電臺,一般行政,文化支出,11.8.1
2013,5321870200,36166000,無細項,教育部主管,國立教育廣播電臺,臺務業務活動,文化支出,11.8.2
2013,5321879800,245000,無細項,教育部主管,國立教育廣播電臺,第一預備金,文化支出,11.8.3
2013,5121900100,279258000,無細項,教育部主管,國家教育研究院,一般行政,教育支出,11.9.1
2013,5121909800,1182000,無細項,教育部主管,國家教育研究院,第一預備金,教育支出,11.9.3
2013,3523010100,568488000,無細項,法務部主管,法務部,一般行政,司法支出,12.1.1
2013,3523011400,307466000,無細項,法務部主管,法務部,法務行政,司法支出,12.1.2
2013,3523019800,8370000,無細項,法務部主管,法務部,第一預備金,司法支出,12.1.4
2013,5223015000,13102000,無細項,法務部主管,法務部,司法科技業務,科學支出,12.1.5
2013,7523012000,40000000,無細項,法務部主管,法務部,司法官退休退養給付,退休撫卹給付支出,12.1.6
2013,8923013000,55008000,無細項,法務部主管,法務部,國家賠償金,其他支出,12.1.7
2013,3523100100,54451000,無細項,法務部主管,司法官訓練所,一般行政,司法支出,12.2.1
2013,3523101000,175745000,無細項,法務部主管,司法官訓練所,司法人員訓練,司法支出,12.2.2
2013,3523109800,392000,無細項,法務部主管,司法官訓練所,第一預備金,司法支出,12.2.4
2013,3523150100,64395000,無細項,法務部主管,法醫研究所,一般行政,司法支出,12.3.1
2013,3523151000,45356000,無細項,法務部主管,法醫研究所,法醫業務,司法支出,12.3.2
2013,3523159800,265000,無細項,法務部主管,法醫研究所,第一預備金,司法支出,12.3.3
2013,5223151100,30170000,無細項,法務部主管,法醫研究所,鑑識科技業務,科學支出,12.3.4
2013,3523160100,369392000,無細項,法務部主管,廉政署,一般行政,司法支出,12.4.1
2013,3523161000,54683000,無細項,法務部主管,廉政署,廉政業務,司法支出,12.4.2
2013,3523169800,800000,無細項,法務部主管,廉政署,第一預備金,司法支出,12.4.4
2013,3523170100,174316000,無細項,法務部主管,矯正署及所屬,一般行政,司法支出,12.5.1
2013,3523174100,11468061000,無細項,法務部主管,矯正署及所屬,矯正業務,司法支出,12.5.2
2013,3523178700,264343000,無細項,法務部主管,矯正署及所屬,改善監所計畫,司法支出,12.5.3
2013,3523179800,39700000,無細項,法務部主管,矯正署及所屬,第一預備金,司法支出,12.5.5
2013,5223175000,450000,無細項,法務部主管,矯正署及所屬,司法科技業務,科學支出,12.5.6
2013,3523180100,97623000,無細項,法務部主管,行政執行署及所屬,一般行政,司法支出,12.6.1
2013,3523181000,19745000,無細項,法務部主管,行政執行署及所屬,執行業務,司法支出,12.6.2
2013,3523184000,1092602000,無細項,法務部主管,行政執行署及所屬,執行案件處理,司法支出,12.6.3
2013,3523188500,7155000,無細項,法務部主管,行政執行署及所屬,行政執行機關擴(遷)建計畫,司法支出,12.6.4
2013,3523189800,9904000,無細項,法務部主管,行政執行署及所屬,第一預備金,司法支出,12.6.6
2013,3523200100,165549000,無細項,法務部主管,最高法院檢察署,一般行政,司法支出,12.7.1
2013,3523201000,15783000,無細項,法務部主管,最高法院檢察署,檢察業務,司法支出,12.7.2
2013,3523209800,239000,無細項,法務部主管,最高法院檢察署,第一預備金,司法支出,12.7.3
2013,3523300100,639995000,無細項,法務部主管,臺灣高等法院檢察署,一般行政,司法支出,12.8.1
2013,3523301000,153589000,無細項,法務部主管,臺灣高等法院檢察署,檢察業務,司法支出,12.8.2
2013,3523309800,6570000,無細項,法務部主管,臺灣高等法院檢察署,第一預備金,司法支出,12.8.3
2013,5223301000,8691000,無細項,法務部主管,臺灣高等法院檢察署,司法科技業務,科學支出,12.8.4
2013,3523310100,165792000,無細項,法務部主管,臺灣高等法院臺中分院檢察署,一般行政,司法支出,12.9.1
2013,3523311000,3734000,無細項,法務部主管,臺灣高等法院臺中分院檢察署,檢察業務,司法支出,12.9.2
2013,3523319800,257000,無細項,法務部主管,臺灣高等法院臺中分院檢察署,第一預備金,司法支出,12.9.4
2013,3523320100,139632000,無細項,法務部主管,臺灣高等法院臺南分院檢察署,一般行政,司法支出,12.10.1
2013,3523321000,2967000,無細項,法務部主管,臺灣高等法院臺南分院檢察署,檢察業務,司法支出,12.10.2
2013,3523329800,163000,無細項,法務部主管,臺灣高等法院臺南分院檢察署,第一預備金,司法支出,12.10.3
2013,3523330100,161148000,無細項,法務部主管,臺灣高等法院高雄分院檢察署,一般行政,司法支出,12.11.1
2013,3523331000,3840000,無細項,法務部主管,臺灣高等法院高雄分院檢察署,檢察業務,司法支出,12.11.2
2013,3523339800,185000,無細項,法務部主管,臺灣高等法院高雄分院檢察署,第一預備金,司法支出,12.11.3
2013,3523340100,54609000,無細項,法務部主管,臺灣高等法院花蓮分院檢察署,一般行政,司法支出,12.12.1
2013,3523341000,1519000,無細項,法務部主管,臺灣高等法院花蓮分院檢察署,檢察業務,司法支出,12.12.2
2013,3523349800,69000,無細項,法務部主管,臺灣高等法院花蓮分院檢察署,第一預備金,司法支出,12.12.3
2013,3523350100,13006000,無細項,法務部主管,臺灣高等法院檢察署智慧財產分署,一般行政,司法支出,12.13.1
2013,3523351000,793000,無細項,法務部主管,臺灣高等法院檢察署智慧財產分署,檢察業務,司法支出,12.13.2
2013,3523359800,70000,無細項,法務部主管,臺灣高等法院檢察署智慧財產分署,第一預備金,司法支出,12.13.3
2013,3523410100,855608000,無細項,法務部主管,臺灣臺北地方法院檢察署,一般行政,司法支出,12.14.1
2013,3523411000,26008000,無細項,法務部主管,臺灣臺北地方法院檢察署,檢察業務,司法支出,12.14.2
2013,3523419800,1042000,無細項,法務部主管,臺灣臺北地方法院檢察署,第一預備金,司法支出,12.14.4
2013,3523420100,365740000,無細項,法務部主管,臺灣士林地方法院檢察署,一般行政,司法支出,12.15.1
2013,3523421000,19657000,無細項,法務部主管,臺灣士林地方法院檢察署,檢察業務,司法支出,12.15.2
2013,3523429800,436000,無細項,法務部主管,臺灣士林地方法院檢察署,第一預備金,司法支出,12.15.4
2013,3523430100,650810000,無細項,法務部主管,臺灣新北地方法院檢察署,一般行政,司法支出,12.16.1
2013,3523431000,25473000,無細項,法務部主管,臺灣新北地方法院檢察署,檢察業務,司法支出,12.16.2
2013,3523439800,742000,無細項,法務部主管,臺灣新北地方法院檢察署,第一預備金,司法支出,12.16.3
2013,3523470100,509781000,無細項,法務部主管,臺灣桃園地方法院檢察署,一般行政,司法支出,12.17.1
2013,3523471000,24679000,無細項,法務部主管,臺灣桃園地方法院檢察署,檢察業務,司法支出,12.17.2
2013,3523478500,500000000,無細項,法務部主管,臺灣桃園地方法院檢察署,檢察機關擴(遷)建計畫,司法支出,12.17.3
2013,3523479800,1176000,無細項,法務部主管,臺灣桃園地方法院檢察署,第一預備金,司法支出,12.17.5
2013,3523480100,251004000,無細項,法務部主管,臺灣新竹地方法院檢察署,一般行政,司法支出,12.18.1
2013,3523481000,11125000,無細項,法務部主管,臺灣新竹地方法院檢察署,檢察業務,司法支出,12.18.2
2013,3523488500,315715000,無細項,法務部主管,臺灣新竹地方法院檢察署,檢察機關擴(遷)建計畫,司法支出,12.18.3
2013,3523489800,302000,無細項,法務部主管,臺灣新竹地方法院檢察署,第一預備金,司法支出,12.18.4
2013,3523490100,167093000,無細項,法務部主管,臺灣苗栗地方法院檢察署,一般行政,司法支出,12.19.1
2013,3523491000,11624000,無細項,法務部主管,臺灣苗栗地方法院檢察署,檢察業務,司法支出,12.19.2
2013,3523499800,210000,無細項,法務部主管,臺灣苗栗地方法院檢察署,第一預備金,司法支出,12.19.3
2013,3523500100,696415000,無細項,法務部主管,臺灣臺中地方法院檢察署,一般行政,司法支出,12.20.1
2013,3523501000,33907000,無細項,法務部主管,臺灣臺中地方法院檢察署,檢察業務,司法支出,12.20.2
2013,3523509800,803000,無細項,法務部主管,臺灣臺中地方法院檢察署,第一預備金,司法支出,12.20.4
2013,3523510100,161912000,無細項,法務部主管,臺灣南投地方法院檢察署,一般行政,司法支出,12.21.1
2013,3523511000,10267000,無細項,法務部主管,臺灣南投地方法院檢察署,檢察業務,司法支出,12.21.2
2013,3523519800,205000,無細項,法務部主管,臺灣南投地方法院檢察署,第一預備金,司法支出,12.21.4
2013,3523520100,289003000,無細項,法務部主管,臺灣彰化地方法院檢察署,一般行政,司法支出,12.22.1
2013,3523521000,17653000,無細項,法務部主管,臺灣彰化地方法院檢察署,檢察業務,司法支出,12.22.2
2013,3523529800,366000,無細項,法務部主管,臺灣彰化地方法院檢察署,第一預備金,司法支出,12.22.3
2013,3523530100,172765000,無細項,法務部主管,臺灣雲林地方法院檢察署,一般行政,司法支出,12.23.1
2013,3523531000,10433000,無細項,法務部主管,臺灣雲林地方法院檢察署,檢察業務,司法支出,12.23.2
2013,3523539800,225000,無細項,法務部主管,臺灣雲林地方法院檢察署,第一預備金,司法支出,12.23.4
2013,3523540100,234920000,無細項,法務部主管,臺灣嘉義地方法院檢察署,一般行政,司法支出,12.24.1
2013,3523541000,9634000,無細項,法務部主管,臺灣嘉義地方法院檢察署,檢察業務,司法支出,12.24.2
2013,3523549800,292000,無細項,法務部主管,臺灣嘉義地方法院檢察署,第一預備金,司法支出,12.24.3
2013,3523560100,438941000,無細項,法務部主管,臺灣臺南地方法院檢察署,一般行政,司法支出,12.25.1
2013,3523561000,26148000,無細項,法務部主管,臺灣臺南地方法院檢察署,檢察業務,司法支出,12.25.2
2013,3523569800,561000,無細項,法務部主管,臺灣臺南地方法院檢察署,第一預備金,司法支出,12.25.4
2013,3523580100,757772000,無細項,法務部主管,臺灣高雄地方法院檢察署,一般行政,司法支出,12.26.1
2013,3523581000,38903000,無細項,法務部主管,臺灣高雄地方法院檢察署,檢察業務,司法支出,12.26.2
2013,3523588500,NaN,無細項,法務部主管,臺灣高雄地方法院檢察署,檢察機關擴(遷)建計畫,司法支出,12.26.3
2013,3523589800,957000,無細項,法務部主管,臺灣高雄地方法院檢察署,第一預備金,司法支出,12.26.5
2013,3523590100,232657000,無細項,法務部主管,臺灣屏東地方法院檢察署,一般行政,司法支出,12.27.1
2013,3523591000,11820000,無細項,法務部主管,臺灣屏東地方法院檢察署,檢察業務,司法支出,12.27.2
2013,3523599800,276000,無細項,法務部主管,臺灣屏東地方法院檢察署,第一預備金,司法支出,12.27.4
2013,3523600100,116541000,無細項,法務部主管,臺灣臺東地方法院檢察署,一般行政,司法支出,12.28.1
2013,3523601000,6953000,無細項,法務部主管,臺灣臺東地方法院檢察署,檢察業務,司法支出,12.28.2
2013,3523609800,381000,無細項,法務部主管,臺灣臺東地方法院檢察署,第一預備金,司法支出,12.28.3
2013,3523610100,153012000,無細項,法務部主管,臺灣花蓮地方法院檢察署,一般行政,司法支出,12.29.1
2013,3523611000,9341000,無細項,法務部主管,臺灣花蓮地方法院檢察署,檢察業務,司法支出,12.29.2
2013,3523619800,354000,無細項,法務部主管,臺灣花蓮地方法院檢察署,第一預備金,司法支出,12.29.3
2013,3523620100,148101000,無細項,法務部主管,臺灣宜蘭地方法院檢察署,一般行政,司法支出,12.30.1
2013,3523621000,7895000,無細項,法務部主管,臺灣宜蘭地方法院檢察署,檢察業務,司法支出,12.30.2
2013,3523629800,435000,無細項,法務部主管,臺灣宜蘭地方法院檢察署,第一預備金,司法支出,12.30.3
2013,5223621000,NaN,無細項,法務部主管,臺灣宜蘭地方法院檢察署,司法科技業務,科學支出,12.30.4
2013,3523630100,173814000,無細項,法務部主管,臺灣基隆地方法院檢察署,一般行政,司法支出,12.31.1
2013,3523631000,9663000,無細項,法務部主管,臺灣基隆地方法院檢察署,檢察業務,司法支出,12.31.2
2013,3523639800,547000,無細項,法務部主管,臺灣基隆地方法院檢察署,第一預備金,司法支出,12.31.3
2013,3523640100,74975000,無細項,法務部主管,臺灣澎湖地方法院檢察署,一般行政,司法支出,12.32.1
2013,3523641000,3427000,無細項,法務部主管,臺灣澎湖地方法院檢察署,檢察業務,司法支出,12.32.2
2013,3523649800,94000,無細項,法務部主管,臺灣澎湖地方法院檢察署,第一預備金,司法支出,12.32.3
2013,3523900100,17751000,無細項,法務部主管,福建高等法院金門分院檢察署,一般行政,司法支出,12.33.1
2013,3523901000,1179000,無細項,法務部主管,福建高等法院金門分院檢察署,檢察業務,司法支出,12.33.2
2013,3523909800,22000,無細項,法務部主管,福建高等法院金門分院檢察署,第一預備金,司法支出,12.33.3
2013,3523910100,43934000,無細項,法務部主管,福建金門地方法院檢察署,一般行政,司法支出,12.34.1
2013,3523911000,1636000,無細項,法務部主管,福建金門地方法院檢察署,檢察業務,司法支出,12.34.2
2013,3523919800,103000,無細項,法務部主管,福建金門地方法院檢察署,第一預備金,司法支出,12.34.4
2013,3523920100,13228000,無細項,法務部主管,福建連江地方法院檢察署,一般行政,司法支出,12.35.1
2013,3523921000,762000,無細項,法務部主管,福建連江地方法院檢察署,檢察業務,司法支出,12.35.2
2013,3523929800,87000,無細項,法務部主管,福建連江地方法院檢察署,第一預備金,司法支出,12.35.3
2013,3523950100,4895656000,無細項,法務部主管,調查局,一般行政,司法支出,12.36.1
2013,3523951000,193387000,無細項,法務部主管,調查局,司法調查業務,司法支出,12.36.2
2013,3523952000,105470000,無細項,法務部主管,調查局,鑑識科學及通訊監察業務,司法支出,12.36.3
2013,3523959800,5850000,無細項,法務部主管,調查局,第一預備金,司法支出,12.36.5
2013,5223953000,24290000,無細項,法務部主管,調查局,鑑識科技業務,科學支出,12.36.6
2013,5226011300,898593000,無細項,經濟部主管,經濟部,推動商業科技發展,科學支出,13.1.1
2013,5226014000,18541503000,無細項,經濟部主管,經濟部,科技專案,科學支出,13.1.2
2013,5226014200,10047000,無細項,經濟部主管,經濟部,延攬海外科技人才,科學支出,13.1.3
2013,5226014400,3155000,無細項,經濟部主管,經濟部,礦業及土石永續發展,科學支出,13.1.4
2013,5926012000,48883000,無細項,經濟部主管,經濟部,礦務行政與管理,工業支出,13.1.5
2013,6126010100,1755621000,無細項,經濟部主管,經濟部,一般行政,其他經濟服務支出,13.1.6
2013,6126011000,8134000,無細項,經濟部主管,經濟部,國營事業管理,其他經濟服務支出,13.1.7
2013,6126011100,10210000,無細項,經濟部主管,經濟部,投資審議,其他經濟服務支出,13.1.8
2013,6126011200,362813000,無細項,經濟部主管,經濟部,推動商業現代化,其他經濟服務支出,13.1.9
2013,6126011500,80300000,無細項,經濟部主管,經濟部,經濟行政與管理,其他經濟服務支出,13.1.10
2013,6126011600,10048000,無細項,經濟部主管,經濟部,貿易調查業務,其他經濟服務支出,13.1.11
2013,6126011700,100500000,無細項,經濟部主管,經濟部,配合中興新村高等研究園區推動計畫,其他經濟服務支出,13.1.12
2013,6126019800,77927000,無細項,經濟部主管,經濟部,第一預備金,其他經濟服務支出,13.1.17
2013,6826016200,5913000,無細項,經濟部主管,經濟部,早期退休人員生活困難濟助金,福利服務支出,13.1.18
2013,7526016000,6815000,無細項,經濟部主管,經濟部,退休撫卹給付,退休撫卹給付支出,13.1.19
2013,5226102200,5460484000,無細項,經濟部主管,工業局,工業技術升級輔導,科學支出,13.2.1
2013,5926100100,365897000,無細項,經濟部主管,工業局,一般行政,工業支出,13.2.2
2013,5926102000,79957000,無細項,經濟部主管,工業局,工業管理,工業支出,13.2.3
2013,5926109800,3000000,無細項,經濟部主管,工業局,第一預備金,工業支出,13.2.4
2013,6126200100,566050000,無細項,經濟部主管,國際貿易局及所屬,一般行政,其他經濟服務支出,13.3.1
2013,6126209800,3000000,無細項,經濟部主管,國際貿易局及所屬,第一預備金,其他經濟服務支出,13.3.4
2013,5226310400,381304000,無細項,經濟部主管,標準檢驗局及所屬,建立及維持度量衡標準,科學支出,13.4.1
2013,5226310500,196452000,無細項,經濟部主管,標準檢驗局及所屬,建立及維護國家標準,科學支出,13.4.2
2013,6126310100,1402806000,無細項,經濟部主管,標準檢驗局及所屬,一般行政,其他經濟服務支出,13.4.3
2013,6126310200,548438000,無細項,經濟部主管,標準檢驗局及所屬,標準檢驗及度政管理,其他經濟服務支出,13.4.4
2013,6126319800,3000000,無細項,經濟部主管,標準檢驗局及所屬,第一預備金,其他經濟服務支出,13.4.5
2013,5226413000,192747000,無細項,經濟部主管,智慧財產局,智慧財產權科技發展,科學支出,13.5.1
2013,6126410100,1213152000,無細項,經濟部主管,智慧財產局,一般行政,其他經濟服務支出,13.5.2
2013,6126411000,365223000,無細項,經濟部主管,智慧財產局,推動保護智慧財產權,其他經濟服務支出,13.5.3
2013,6126419800,2208000,無細項,經濟部主管,智慧財產局,第一預備金,其他經濟服務支出,13.5.4
2013,5226551100,210953000,無細項,經濟部主管,水利署及所屬,水資源科技發展,科學支出,13.6.1
2013,5826550100,1985335000,無細項,經濟部主管,水利署及所屬,一般行政,農業支出,13.6.2
2013,5826559800,6935000,無細項,經濟部主管,水利署及所屬,第一預備金,農業支出,13.6.4
2013,5226752000,579800000,無細項,經濟部主管,中小企業處,中小企業科技應用,科學支出,13.7.1
2013,6126750100,160691000,無細項,經濟部主管,中小企業處,一般行政,其他經濟服務支出,13.7.2
2013,6126751000,4432471000,無細項,經濟部主管,中小企業處,中小企業發展,其他經濟服務支出,13.7.3
2013,6126759800,4881000,無細項,經濟部主管,中小企業處,第一預備金,其他經濟服務支出,13.7.4
2013,5926800100,356107000,無細項,經濟部主管,加工出口區管理處及所屬,一般行政,工業支出,13.8.1
2013,5926809800,100000,無細項,經濟部主管,加工出口區管理處及所屬,第一預備金,工業支出,13.8.4
2013,5226904000,249028000,無細項,經濟部主管,中央地質調查所,地質科技研究發展,科學支出,13.9.1
2013,5926900100,115764000,無細項,經濟部主管,中央地質調查所,一般行政,工業支出,13.9.2
2013,5926901000,215161000,無細項,經濟部主管,中央地質調查所,地質調查研究,工業支出,13.9.3
2013,5926909800,300000,無細項,經濟部主管,中央地質調查所,第一預備金,工業支出,13.9.5
2013,5926960100,193145000,無細項,經濟部主管,能源局,一般行政,工業支出,13.10.1
2013,5926969800,250000,無細項,經濟部主管,能源局,第一預備金,工業支出,13.10.2
2013,5229011800,77636000,無細項,交通部主管,交通部,交通科技研究發展,科學支出,14.1.1
2013,6029010100,796817000,無細項,交通部主管,交通部,一般行政,交通支出,14.1.2
2013,6029011000,180150000,無細項,交通部主管,交通部,航政業務規劃及督導,交通支出,14.1.3
2013,6029011100,2080000,無細項,交通部主管,交通部,郵電業務規劃及督導,交通支出,14.1.4
2013,6029014800,271907000,無細項,交通部主管,交通部,道路交通安全,交通支出,14.1.6
2013,6029016500,382247000,無細項,交通部主管,交通部,軌道工程興建管理,交通支出,14.1.7
2013,6029017200,108768000,無細項,交通部主管,交通部,軌道安全提升與改善,交通支出,14.1.8
2013,6029017700,972180000,無細項,交通部主管,交通部,航政港政業務管理及執行,交通支出,14.1.9
2013,6029018700,1174300000,無細項,交通部主管,交通部,偏遠地區交通建設,交通支出,14.1.13
2013,6029019800,18851000,無細項,交通部主管,交通部,第一預備金,交通支出,14.1.15
2013,6029110100,291941000,無細項,交通部主管,民用航空局,一般行政,交通支出,14.2.1
2013,6029110200,274000,無細項,交通部主管,民用航空局,空運及航管業務,交通支出,14.2.2
2013,6029119800,1200000,無細項,交通部主管,民用航空局,第一預備金,交通支出,14.2.3
2013,6129210100,590065000,無細項,交通部主管,中央氣象局,一般行政,其他經濟服務支出,14.3.2
2013,6129211000,214132000,無細項,交通部主管,中央氣象局,氣象測報,其他經濟服務支出,14.3.3
2013,6129219800,880000,無細項,交通部主管,中央氣象局,第一預備金,其他經濟服務支出,14.3.5
2013,6129310100,945665000,無細項,交通部主管,觀光局及所屬,一般行政,其他經濟服務支出,14.4.2
2013,6129311000,1161820000,無細項,交通部主管,觀光局及所屬,觀光業務,其他經濟服務支出,14.4.3
2013,6129311100,1196913000,無細項,交通部主管,觀光局及所屬,國家風景區開發與管理,其他經濟服務支出,14.4.4
2013,6129319800,7008000,無細項,交通部主管,觀光局及所屬,第一預備金,其他經濟服務支出,14.4.6
2013,5229512000,136351000,無細項,交通部主管,運輸研究所,運輸科技應用研究業務,科學支出,14.5.1
2013,6029510100,167126000,無細項,交通部主管,運輸研究所,一般行政,交通支出,14.5.2
2013,6029511000,46148000,無細項,交通部主管,運輸研究所,運輸研究業務,交通支出,14.5.3
2013,6029512100,83563000,無細項,交通部主管,運輸研究所,港研中心管理業務,交通支出,14.5.4
2013,6029519800,500000,無細項,交通部主管,運輸研究所,第一預備金,交通支出,14.5.5
2013,6029710100,5110617000,無細項,交通部主管,公路總局及所屬,一般行政,交通支出,14.6.1
2013,6029711000,5737882000,無細項,交通部主管,公路總局及所屬,公路及監理業務管理,交通支出,14.6.2
2013,6029719800,2380000,無細項,交通部主管,公路總局及所屬,第一預備金,交通支出,14.6.5
2013,4136010100,95009000,無細項,蒙藏委員會主管,蒙藏委員會,一般行政,邊政支出,15.1.1
2013,4136012000,22683000,無細項,蒙藏委員會主管,蒙藏委員會,蒙事業務,邊政支出,15.1.2
2013,4136013000,14956000,無細項,蒙藏委員會主管,蒙藏委員會,藏事業務,邊政支出,15.1.3
2013,4136019800,582000,無細項,蒙藏委員會主管,蒙藏委員會,第一預備金,邊政支出,15.1.4
2013,4239010100,374419000,無細項,僑務委員會主管,僑務委員會,一般行政,僑務支出,16.1.1
2013,4239010900,46469000,無細項,僑務委員會主管,僑務委員會,綜合規劃業務,僑務支出,16.1.2
2013,4239011000,59711000,無細項,僑務委員會主管,僑務委員會,僑民及僑團聯繫服務與接待,僑務支出,16.1.3
2013,4239012500,105329000,無細項,僑務委員會主管,僑務委員會,回國升學僑生服務,僑務支出,16.1.5
2013,4239012600,184204000,無細項,僑務委員會主管,僑務委員會,華僑新聞資訊及傳媒服務,僑務支出,16.1.6
2013,4239012700,66368000,無細項,僑務委員會主管,僑務委員會,僑民經濟業務,僑務支出,16.1.7
2013,4239019800,9000000,無細項,僑務委員會主管,僑務委員會,第一預備金,僑務支出,16.1.8
2013,5142010500,1026034000,無細項,國軍退除役官兵輔導委員會主管,國軍退除役官兵輔導委員會,醫學臨床教學研究,教育支出,17.1.1
2013,5142010700,90016000,無細項,國軍退除役官兵輔導委員會主管,國軍退除役官兵輔導委員會,退除役官兵就學、職訓,教育支出,17.1.2
2013,6642010400,10559702000,無細項,國軍退除役官兵輔導委員會主管,國軍退除役官兵輔導委員會,榮民及榮眷健康保險,社會保險支出,17.1.3
2013,6742010900,730504000,無細項,國軍退除役官兵輔導委員會主管,國軍退除役官兵輔導委員會,退除役官兵服務救助與照顧,社會救助支出,17.1.4
2013,6842010100,3657736000,無細項,國軍退除役官兵輔導委員會主管,國軍退除役官兵輔導委員會,一般行政,福利服務支出,17.1.5
2013,6842010200,84002000,無細項,國軍退除役官兵輔導委員會主管,國軍退除役官兵輔導委員會,退除役官兵輔導業務,福利服務支出,17.1.6
2013,6842010300,2235740000,無細項,國軍退除役官兵輔導委員會主管,國軍退除役官兵輔導委員會,榮民醫療照護,福利服務支出,17.1.7
2013,6842010600,10260000,無細項,國軍退除役官兵輔導委員會主管,國軍退除役官兵輔導委員會,林區及農場永續經營,福利服務支出,17.1.8
2013,6842010800,12077769000,無細項,國軍退除役官兵輔導委員會主管,國軍退除役官兵輔導委員會,榮民安養及養護,福利服務支出,17.1.9
2013,6842019800,27000000,無細項,國軍退除役官兵輔導委員會主管,國軍退除役官兵輔導委員會,第一預備金,福利服務支出,17.1.12
2013,7542019600,99980000000,無細項,國軍退除役官兵輔導委員會主管,國軍退除役官兵輔導委員會,退除役官兵退休給付,退休撫卹給付支出,17.1.13
2013,7642019700,35911000,無細項,國軍退除役官兵輔導委員會主管,國軍退除役官兵輔導委員會,退除役官兵退休業務,退休撫卹業務支出,17.1.14
2013,5245010100,444704000,無細項,國家科學委員會主管,國家科學委員會,一般行政,科學支出,18.1.1
2013,5245012100,2160299000,無細項,國家科學委員會主管,國家科學委員會,財團法人國家同步輻射研究中心發展計畫,科學支出,18.1.2
2013,5245012200,5531188000,無細項,國家科學委員會主管,國家科學委員會,財團法人國家實驗研究院發展計畫,科學支出,18.1.3
2013,5245019800,1510000,無細項,國家科學委員會主管,國家科學委員會,第一預備金,科學支出,18.1.6
2013,5245100100,263255000,無細項,國家科學委員會主管,科學工業園區管理局及所屬,一般行政,科學支出,18.2.2
2013,5245101500,682400000,無細項,國家科學委員會主管,科學工業園區管理局及所屬,新竹生物醫學園區,科學支出,18.2.4
2013,5245109800,1000000,無細項,國家科學委員會主管,科學工業園區管理局及所屬,第一預備金,科學支出,18.2.5
2013,5145201100,266384000,無細項,國家科學委員會主管,南部科學工業園區管理局及所屬,國立南科國際實驗高級中學,教育支出,18.3.1
2013,5245200100,195060000,無細項,國家科學委員會主管,南部科學工業園區管理局及所屬,一般行政,科學支出,18.3.2
2013,5245209800,1000000,無細項,國家科學委員會主管,南部科學工業園區管理局及所屬,第一預備金,科學支出,18.3.5
2013,5145301100,316147000,無細項,國家科學委員會主管,中部科學工業園區管理局及所屬,國立中科實驗高級中學,教育支出,18.4.1
2013,5245300100,205220000,無細項,國家科學委員會主管,中部科學工業園區管理局及所屬,一般行政,科學支出,18.4.2
2013,5245309800,1000000,無細項,國家科學委員會主管,中部科學工業園區管理局及所屬,第一預備金,科學支出,18.4.5
2013,5248010100,362891000,無細項,原子能委員會主管,原子能委員會,一般行政,科學支出,19.1.1
2013,5248019800,436000,無細項,原子能委員會主管,原子能委員會,第一預備金,科學支出,19.1.3
2013,7248100100,53988000,無細項,原子能委員會主管,輻射偵測中心,一般行政,環境保護支出,19.2.1
2013,7248109800,10000,無細項,原子能委員會主管,輻射偵測中心,第一預備金,環境保護支出,19.2.3
2013,7248200100,58354000,無細項,原子能委員會主管,放射性物料管理局,一般行政,環境保護支出,19.3.1
2013,7248209800,10000,無細項,原子能委員會主管,放射性物料管理局,第一預備金,環境保護支出,19.3.4
2013,5248300100,1348754000,無細項,原子能委員會主管,核能研究所,一般行政,科學支出,19.4.1
2013,5248303000,137970000,無細項,原子能委員會主管,核能研究所,推廣核能技術應用,科學支出,19.4.4
2013,5248309800,10000,無細項,原子能委員會主管,核能研究所,第一預備金,科學支出,19.4.5
2013,5251011200,698038000,無細項,農業委員會主管,農業委員會,農業科技研究發展,科學支出,20.1.1
2013,5851010100,594108000,無細項,農業委員會主管,農業委員會,一般行政,農業支出,20.1.2
2013,5851011000,3367127000,無細項,農業委員會主管,農業委員會,農業管理,農業支出,20.1.3
2013,5851011100,33636075000,無細項,農業委員會主管,農業委員會,農業發展,農業支出,20.1.4
2013,5851019800,62678000,無細項,農業委員會主管,農業委員會,第一預備金,農業支出,20.1.7
2013,6851012400,46527450000,無細項,農業委員會主管,農業委員會,老年農民福利津貼,福利服務支出,20.1.8
2013,5251021300,73404000,無細項,農業委員會主管,林務局,林業試驗研究,科學支出,20.2.1
2013,5851020100,2406726000,無細項,農業委員會主管,林務局,一般行政,農業支出,20.2.2
2013,5851021000,129084000,無細項,農業委員會主管,林務局,林業管理,農業支出,20.2.3
2013,5851021100,5058790000,無細項,農業委員會主管,林務局,林業發展,農業支出,20.2.4
2013,5851029800,2000000,無細項,農業委員會主管,林務局,第一預備金,農業支出,20.2.6
2013,5251031000,6901000,無細項,農業委員會主管,水土保持局,水土保持試驗研究,科學支出,20.3.1
2013,5851030100,571336000,無細項,農業委員會主管,水土保持局,一般行政,農業支出,20.3.2
2013,5851031000,2839000000,無細項,農業委員會主管,水土保持局,水土保持發展,農業支出,20.3.3
2013,5851039800,200000,無細項,農業委員會主管,水土保持局,第一預備金,農業支出,20.3.4
2013,5251041000,406914000,無細項,農業委員會主管,農業試驗所,農業試驗研究,科學支出,20.4.1
2013,5851040100,544319000,無細項,農業委員會主管,農業試驗所,一般行政,農業支出,20.4.2
2013,5851041100,40200000,無細項,農業委員會主管,農業試驗所,農業數位化發展,農業支出,20.4.3
2013,5851049800,300000,無細項,農業委員會主管,農業試驗所,第一預備金,農業支出,20.4.5
2013,5251051000,162798000,無細項,農業委員會主管,林業試驗所,林業科技試驗研究,科學支出,20.5.1
2013,5851050100,331488000,無細項,農業委員會主管,林業試驗所,一般行政,農業支出,20.5.2
2013,5851052000,264580000,無細項,農業委員會主管,林業試驗所,林業發展,農業支出,20.5.3
2013,5851059800,200000,無細項,農業委員會主管,林業試驗所,第一預備金,農業支出,20.5.5
2013,5251061200,219408000,無細項,農業委員會主管,水產試驗所,水產試驗研究,科學支出,20.6.1
2013,5851060100,369415000,無細項,農業委員會主管,水產試驗所,一般行政,農業支出,20.6.2
2013,5851062000,NaN,無細項,農業委員會主管,水產試驗所,水產發展,農業支出,20.6.3
2013,5851069800,200000,無細項,農業委員會主管,水產試驗所,第一預備金,農業支出,20.6.5
2013,5251071000,269859000,無細項,農業委員會主管,畜產試驗所,畜牧試驗研究,科學支出,20.7.1
2013,5851070100,410928000,無細項,農業委員會主管,畜產試驗所,一般行政,農業支出,20.7.2
2013,5851079800,200000,無細項,農業委員會主管,畜產試驗所,第一預備金,農業支出,20.7.4
2013,5251081200,190467000,無細項,農業委員會主管,家畜衛生試驗所,動物衛生試驗研究,科學支出,20.8.1
2013,5851080100,166118000,無細項,農業委員會主管,家畜衛生試驗所,一般行政,農業支出,20.8.2
2013,5851089800,100000,無細項,農業委員會主管,家畜衛生試驗所,第一預備金,農業支出,20.8.3
2013,5251091000,124275000,無細項,農業委員會主管,農業藥物毒物試驗所,農業藥物及植物保護試驗研究,科學支出,20.9.1
2013,5851090100,144570000,無細項,農業委員會主管,農業藥物毒物試驗所,一般行政,農業支出,20.9.2
2013,5851092000,49341000,無細項,農業委員會主管,農業藥物毒物試驗所,農藥檢驗及登記管理,農業支出,20.9.3
2013,5851099800,100000,無細項,農業委員會主管,農業藥物毒物試驗所,第一預備金,農業支出,20.9.4
2013,5251101000,81359000,無細項,農業委員會主管,特有生物研究保育中心,特有生物研究,科學支出,20.10.1
2013,5851100100,211190000,無細項,農業委員會主管,特有生物研究保育中心,一般行政,農業支出,20.10.2
2013,5851109800,80000,無細項,農業委員會主管,特有生物研究保育中心,第一預備金,農業支出,20.10.4
2013,5251111000,64230000,無細項,農業委員會主管,茶業改良場,茶業技術研究改良,科學支出,20.11.1
2013,5851110100,160960000,無細項,農業委員會主管,茶業改良場,一般行政,農業支出,20.11.2
2013,5851119800,100000,無細項,農業委員會主管,茶業改良場,第一預備金,農業支出,20.11.4
2013,5251121000,91141000,無細項,農業委員會主管,種苗改良繁殖場,種苗研究與改良,科學支出,20.12.1
2013,5851120100,132082000,無細項,農業委員會主管,種苗改良繁殖場,一般行政,農業支出,20.12.2
2013,5851129800,100000,無細項,農業委員會主管,種苗改良繁殖場,第一預備金,農業支出,20.12.4
2013,5251131200,80945000,無細項,農業委員會主管,桃園區農業改良場,農作物改良,科學支出,20.13.1
2013,5851130100,143115000,無細項,農業委員會主管,桃園區農業改良場,一般行政,農業支出,20.13.2
2013,5851139800,100000,無細項,農業委員會主管,桃園區農業改良場,第一預備金,農業支出,20.13.4
2013,5251141000,34001000,無細項,農業委員會主管,苗栗區農業改良場,農作物改良,科學支出,20.14.1
2013,5851140100,106929000,無細項,農業委員會主管,苗栗區農業改良場,一般行政,農業支出,20.14.2
2013,5851149800,100000,無細項,農業委員會主管,苗栗區農業改良場,第一預備金,農業支出,20.14.4
2013,5251151000,95283000,無細項,農業委員會主管,臺中區農業改良場,農作物改良,科學支出,20.15.1
2013,5851150100,149053000,無細項,農業委員會主管,臺中區農業改良場,一般行政,農業支出,20.15.2
2013,5851159800,100000,無細項,農業委員會主管,臺中區農業改良場,第一預備金,農業支出,20.15.4
2013,5251161000,97859000,無細項,農業委員會主管,臺南區農業改良場,農作物改良,科學支出,20.16.1
2013,5851160100,162004000,無細項,農業委員會主管,臺南區農業改良場,一般行政,農業支出,20.16.2
2013,5851169800,100000,無細項,農業委員會主管,臺南區農業改良場,第一預備金,農業支出,20.16.4
2013,5251171000,83656000,無細項,農業委員會主管,高雄區農業改良場,農作物改良,科學支出,20.17.1
2013,5851170100,132838000,無細項,農業委員會主管,高雄區農業改良場,一般行政,農業支出,20.17.2
2013,5851179800,200000,無細項,農業委員會主管,高雄區農業改良場,第一預備金,農業支出,20.17.4
2013,5251181000,73855000,無細項,農業委員會主管,花蓮區農業改良場,農作物改良,科學支出,20.18.1
2013,5851180100,102273000,無細項,農業委員會主管,花蓮區農業改良場,一般行政,農業支出,20.18.2
2013,5851189800,100000,無細項,農業委員會主管,花蓮區農業改良場,第一預備金,農業支出,20.18.4
2013,5251191000,56203000,無細項,農業委員會主管,臺東區農業改良場,農作物改良,科學支出,20.19.1
2013,5851190100,93544000,無細項,農業委員會主管,臺東區農業改良場,一般行政,農業支出,20.19.2
2013,5851199800,100000,無細項,農業委員會主管,臺東區農業改良場,第一預備金,農業支出,20.19.4
2013,5251201200,133520000,無細項,農業委員會主管,漁業署及所屬,漁業科技研究發展,科學支出,20.20.1
2013,5851200100,330546000,無細項,農業委員會主管,漁業署及所屬,一般行政,農業支出,20.20.2
2013,5851202000,2955811000,無細項,農業委員會主管,漁業署及所屬,漁業管理,農業支出,20.20.3
2013,5851203000,1420000000,無細項,農業委員會主管,漁業署及所屬,漁業發展,農業支出,20.20.4
2013,5851209800,1140000,無細項,農業委員會主管,漁業署及所屬,第一預備金,農業支出,20.20.6
2013,5251503000,270033000,無細項,農業委員會主管,動植物防疫檢疫局及所屬,動植物防檢疫技術研發,科學支出,20.21.1
2013,5851500100,697766000,無細項,農業委員會主管,動植物防疫檢疫局及所屬,一般行政,農業支出,20.21.2
2013,5851501000,821372000,無細項,農業委員會主管,動植物防疫檢疫局及所屬,動植物防檢疫管理,農業支出,20.21.3
2013,5851509800,1500000,無細項,農業委員會主管,動植物防疫檢疫局及所屬,第一預備金,農業支出,20.21.5
2013,5251601000,832000,無細項,農業委員會主管,農業金融局,農業金融研發,科學支出,20.22.1
2013,5851600100,105806000,無細項,農業委員會主管,農業金融局,一般行政,農業支出,20.22.2
2013,5851601000,261760000,無細項,農業委員會主管,農業金融局,農業金融業務,農業支出,20.22.3
2013,5851609800,200000,無細項,農業委員會主管,農業金融局,第一預備金,農業支出,20.22.4
2013,5251701000,146787000,無細項,農業委員會主管,農糧署及所屬,農糧科技研發,科學支出,20.23.1
2013,5851700100,816192000,無細項,農業委員會主管,農糧署及所屬,一般行政,農業支出,20.23.2
2013,5851701000,1042582000,無細項,農業委員會主管,農糧署及所屬,農糧管理,農業支出,20.23.3
2013,5851709800,1000000,無細項,農業委員會主管,農糧署及所屬,第一預備金,農業支出,20.23.5
2013,6654011400,126426958000,無細項,勞工委員會主管,勞工委員會,勞工保險業務,社會保險支出,21.1.1
2013,6854010100,610937000,無細項,勞工委員會主管,勞工委員會,一般行政,福利服務支出,21.1.2
2013,6854011100,111325000,無細項,勞工委員會主管,勞工委員會,勞資關係業務,福利服務支出,21.1.3
2013,6854011200,671369000,無細項,勞工委員會主管,勞工委員會,勞動條件業務,福利服務支出,21.1.4
2013,6854011300,72269000,無細項,勞工委員會主管,勞工委員會,勞工福利業務,福利服務支出,21.1.5
2013,6854011500,30101000,無細項,勞工委員會主管,勞工委員會,勞工安全衛生業務,福利服務支出,21.1.6
2013,6854011600,227299000,無細項,勞工委員會主管,勞工委員會,勞工檢查業務,福利服務支出,21.1.7
2013,6854011700,21542000,無細項,勞工委員會主管,勞工委員會,綜合規劃業務,福利服務支出,21.1.8
2013,6854019800,6709000,無細項,勞工委員會主管,勞工委員會,第一預備金,福利服務支出,21.1.10
2013,6954011800,19637000,無細項,勞工委員會主管,勞工委員會,技能檢定業務,國民就業支出,21.1.11
2013,6954110100,1056680000,無細項,勞工委員會主管,職業訓練局及所屬,一般行政,國民就業支出,21.2.1
2013,6954119800,2831000,無細項,勞工委員會主管,職業訓練局及所屬,第一預備金,國民就業支出,21.2.5
2013,5254610100,95158000,無細項,勞工委員會主管,勞工安全衛生研究所,一般行政,科學支出,21.3.1
2013,5254619800,100000,無細項,勞工委員會主管,勞工安全衛生研究所,第一預備金,科學支出,21.3.4
2013,6854710100,108818000,無細項,勞工委員會主管,勞工退休基金監理會,一般行政,福利服務支出,21.4.1
2013,6854710200,8779000,無細項,勞工委員會主管,勞工退休基金監理會,勞工退休基金監理業務,福利服務支出,21.4.2
2013,6854719800,700000,無細項,勞工委員會主管,勞工退休基金監理會,第一預備金,福利服務支出,21.4.3
2013,5157011100,70270000,無細項,衛生署主管,衛生署,公費生培育工作,教育支出,22.1.1
2013,6657014000,17368000,無細項,衛生署主管,衛生署,長期照護保險業務,社會保險支出,22.1.4
2013,6757013000,1000000,無細項,衛生署主管,衛生署,漢生病病人補償及保障計畫,社會救助支出,22.1.6
2013,7157010100,632145000,無細項,衛生署主管,衛生署,一般行政,醫療保健支出,22.1.7
2013,7157011000,2521661000,無細項,衛生署主管,衛生署,醫政業務,醫療保健支出,22.1.8
2013,7157011100,568667000,無細項,衛生署主管,衛生署,心理健康業務,醫療保健支出,22.1.9
2013,7157011200,706546000,無細項,衛生署主管,衛生署,護理及健康照護業務,醫療保健支出,22.1.10
2013,7157011300,50000000,無細項,衛生署主管,衛生署,新竹生醫園區醫院籌設計畫,醫療保健支出,22.1.11
2013,7157011600,76508000,無細項,衛生署主管,衛生署,企劃業務,醫療保健支出,22.1.12
2013,7157011700,71282000,無細項,衛生署主管,衛生署,國際衛生業務,醫療保健支出,22.1.13
2013,7157011800,132492000,無細項,衛生署主管,衛生署,衛生醫療資訊業務,醫療保健支出,22.1.14
2013,7157011900,3435200000,無細項,衛生署主管,衛生署,醫院營運業務,醫療保健支出,22.1.15
2013,7157019800,30000000,無細項,衛生署主管,衛生署,第一預備金,醫療保健支出,22.1.18
2013,5257050400,209501000,無細項,衛生署主管,疾病管制局,科技發展工作,科學支出,22.2.1
2013,7157050100,1030924000,無細項,衛生署主管,疾病管制局,一般行政,醫療保健支出,22.2.2
2013,7157050200,4421747000,無細項,衛生署主管,疾病管制局,防疫業務,醫療保健支出,22.2.3
2013,7157059800,50000,無細項,衛生署主管,疾病管制局,第一預備金,醫療保健支出,22.2.4
2013,5257301800,167792000,無細項,衛生署主管,國民健康局,科技發展工作,科學支出,22.3.1
2013,7157300100,450954000,無細項,衛生署主管,國民健康局,一般行政,醫療保健支出,22.3.2
2013,7157301000,19200000,無細項,衛生署主管,國民健康局,國民健康業務,醫療保健支出,22.3.3
2013,7157301700,2725596000,無細項,衛生署主管,國民健康局,預防保健業務,醫療保健支出,22.3.4
2013,7157309800,10000,無細項,衛生署主管,國民健康局,第一預備金,醫療保健支出,22.3.5
2013,5257400300,72574000,無細項,衛生署主管,中醫藥委員會,科技業務,科學支出,22.4.1
2013,7157400100,67614000,無細項,衛生署主管,中醫藥委員會,一般行政,醫療保健支出,22.4.2
2013,7157409800,10000,無細項,衛生署主管,中醫藥委員會,第一預備金,醫療保健支出,22.4.5
2013,5257600300,54732000,無細項,衛生署主管,中央健康保險局,科技發展工作,科學支出,22.5.1
2013,6657600100,2918781000,無細項,衛生署主管,中央健康保險局,一般行政,社會保險支出,22.5.2
2013,6657600200,2508483000,無細項,衛生署主管,中央健康保險局,健保業務,社會保險支出,22.5.3
2013,6657609800,10000,無細項,衛生署主管,中央健康保險局,第一預備金,社會保險支出,22.5.5
2013,5257700300,599839000,無細項,衛生署主管,食品藥物管理局,科技發展工作,科學支出,22.6.1
2013,7157700100,586168000,無細項,衛生署主管,食品藥物管理局,一般行政,醫療保健支出,22.6.2
2013,7157700200,1140681000,無細項,衛生署主管,食品藥物管理局,食品藥物管理業務,醫療保健支出,22.6.3
2013,7157709800,20000,無細項,衛生署主管,食品藥物管理局,第一預備金,醫療保健支出,22.6.4
2013,5260011700,45808000,無細項,環境保護署主管,環境保護署,科技發展,科學支出,23.1.1
2013,7260010100,565278000,無細項,環境保護署主管,環境保護署,一般行政,環境保護支出,23.1.2
2013,7260011100,28571000,無細項,環境保護署主管,環境保護署,空氣品質保護及噪音管制,環境保護支出,23.1.4
2013,7260011200,141025000,無細項,環境保護署主管,環境保護署,水質保護,環境保護支出,23.1.5
2013,7260011300,235090000,無細項,環境保護署主管,環境保護署,廢棄物管理,環境保護支出,23.1.6
2013,7260011400,709087000,無細項,環境保護署主管,環境保護署,環境衛生及毒物管理,環境保護支出,23.1.7
2013,7260011500,67218000,無細項,環境保護署主管,環境保護署,管制考核及糾紛處理,環境保護支出,23.1.8
2013,7260011600,195077000,無細項,環境保護署主管,環境保護署,環境監測資訊,環境保護支出,23.1.9
2013,7260018800,468811000,無細項,環境保護署主管,環境保護署,區域環境管理,環境保護支出,23.1.10
2013,7260019800,4000000,無細項,環境保護署主管,環境保護署,第一預備金,環境保護支出,23.1.12
2013,5260101100,11644000,無細項,環境保護署主管,環境檢驗所,科技發展,科學支出,23.2.1
2013,7260100100,150405000,無細項,環境保護署主管,環境檢驗所,一般行政,環境保護支出,23.2.2
2013,7260109800,200000,無細項,環境保護署主管,環境檢驗所,第一預備金,環境保護支出,23.2.4
2013,7260200100,52277000,無細項,環境保護署主管,環境保護人員訓練所,一般行政,環境保護支出,23.3.1
2013,7260201000,27681000,無細項,環境保護署主管,環境保護人員訓練所,環境保護人員訓練,環境保護支出,23.3.2
2013,7260209800,200000,無細項,環境保護署主管,環境保護人員訓練所,第一預備金,環境保護支出,23.3.4
2013,5361010100,536701000,無細項,文化部主管,文化部,一般行政,文化支出,24.1.1
2013,5361012000,99450000,無細項,文化部主管,文化部,綜合規劃業務,文化支出,24.1.2
2013,5361017100,524381000,無細項,文化部主管,文化部,文化交流業務,文化支出,24.1.8
2013,5361019800,23000000,無細項,文化部主管,文化部,第一預備金,文化支出,24.1.11
2013,5361100100,193872000,無細項,文化部主管,文化資產局,一般行政,文化支出,24.2.1
2013,5361100200,916555000,無細項,文化部主管,文化資產局,文化資產業務,文化支出,24.2.2
2013,5361109800,1000000,無細項,文化部主管,文化資產局,第一預備金,文化支出,24.2.3
2013,5361200100,123699000,無細項,文化部主管,影視及流行音樂產業局,一般行政,文化支出,24.3.1
2013,5361201000,563930000,無細項,文化部主管,影視及流行音樂產業局,廣播電視事業輔導,文化支出,24.3.2
2013,5361201100,377340000,無細項,文化部主管,影視及流行音樂產業局,電影事業輔導,文化支出,24.3.3
2013,5361201200,374510000,無細項,文化部主管,影視及流行音樂產業局,流行音樂產業輔導,文化支出,24.3.4
2013,5361209800,1000000,無細項,文化部主管,影視及流行音樂產業局,第一預備金,文化支出,24.3.6
2013,5361300100,301440000,無細項,文化部主管,國立傳統藝術中心,一般行政,文化支出,24.4.1
2013,5361300200,175415000,無細項,文化部主管,國立傳統藝術中心,傳統藝術中心業務計畫,文化支出,24.4.2
2013,5361300300,370000000,無細項,文化部主管,國立傳統藝術中心,戲劇藝術中心籌建計畫,文化支出,24.4.3
2013,5361309800,1000000,無細項,文化部主管,國立傳統藝術中心,第一預備金,文化支出,24.4.4
2013,5361400100,147745000,無細項,文化部主管,國立臺灣美術館及所屬,一般行政,文化支出,24.5.1
2013,5361409800,1000000,無細項,文化部主管,國立臺灣美術館及所屬,第一預備金,文化支出,24.5.4
2013,5361500100,124722000,無細項,文化部主管,國立臺灣工藝研究發展中心,一般行政,文化支出,24.6.1
2013,5361509800,500000,無細項,文化部主管,國立臺灣工藝研究發展中心,第一預備金,文化支出,24.6.3
2013,5361600100,202573000,無細項,文化部主管,國立臺灣博物館,一般行政,文化支出,24.7.1
2013,5361609800,500000,無細項,文化部主管,國立臺灣博物館,第一預備金,文化支出,24.7.3
2013,5361700100,100550000,無細項,文化部主管,國立臺灣史前文化博物館,一般行政,文化支出,24.8.1
2013,5361702000,236961000,無細項,文化部主管,國立臺灣史前文化博物館,館務業務活動,文化支出,24.8.2
2013,5361709800,500000,無細項,文化部主管,國立臺灣史前文化博物館,第一預備金,文化支出,24.8.4
2013,3863010100,426307000,無細項,海岸巡防署主管,海岸巡防署,一般行政,民政支出,25.1.1
2013,3863010200,443790000,無細項,海岸巡防署主管,海岸巡防署,海岸及海域巡防業務,民政支出,25.1.2
2013,3863019800,5000000,無細項,海岸巡防署主管,海岸巡防署,第一預備金,民政支出,25.1.4
2013,3863100100,3209016000,無細項,海岸巡防署主管,海洋巡防總局,一般行政,民政支出,25.2.1
2013,3863100200,3325839000,無細項,海岸巡防署主管,海洋巡防總局,海洋巡防業務,民政支出,25.2.2
2013,3863109800,10000000,無細項,海岸巡防署主管,海洋巡防總局,第一預備金,民政支出,25.2.4
2013,3863200100,5374210000,無細項,海岸巡防署主管,海岸巡防總局及所屬,一般行政,民政支出,25.3.1
2013,3863209800,10000000,無細項,海岸巡防署主管,海岸巡防總局及所屬,第一預備金,民政支出,25.3.4
2013,4066010100,163989000,無細項,金融監督管理委員會主管,金融監督管理委員會,一般行政,財務支出,26.1.1
2013,4066010200,9741000,無細項,金融監督管理委員會主管,金融監督管理委員會,金融監理,財務支出,26.1.2
2013,4066019800,500000,無細項,金融監督管理委員會主管,金融監督管理委員會,第一預備金,財務支出,26.1.4
2013,4066100100,307602000,無細項,金融監督管理委員會主管,銀行局,一般行政,財務支出,26.2.1
2013,4066100300,4431000,無細項,金融監督管理委員會主管,銀行局,銀行監理,財務支出,26.2.2
2013,4066109800,400000,無細項,金融監督管理委員會主管,銀行局,第一預備金,財務支出,26.2.3
2013,4066200100,296327000,無細項,金融監督管理委員會主管,證券期貨局,一般行政,財務支出,26.3.1
2013,4066200400,4480000,無細項,金融監督管理委員會主管,證券期貨局,證券期貨市場監理,財務支出,26.3.2
2013,4066209800,190000,無細項,金融監督管理委員會主管,證券期貨局,第一預備金,財務支出,26.3.3
2013,4066300100,129632000,無細項,金融監督管理委員會主管,保險局,一般行政,財務支出,26.4.1
2013,4066300500,2993000,無細項,金融監督管理委員會主管,保險局,保險監理,財務支出,26.4.2
2013,4066309800,50000,無細項,金融監督管理委員會主管,保險局,第一預備金,財務支出,26.4.4
2013,4066400100,347335000,無細項,金融監督管理委員會主管,檢查局,一般行政,財務支出,26.5.1
2013,4066400600,5155000,無細項,金融監督管理委員會主管,檢查局,金融機構檢查,財務支出,26.5.2
2013,4066409800,1371000,無細項,金融監督管理委員會主管,檢查局,第一預備金,財務支出,26.5.4
2013,3371150100,195439000,無細項,省市地方政府,臺灣省政府,一般行政,行政支出,27.1.1
2013,3371150200,16171000,無細項,省市地方政府,臺灣省政府,施政業務,行政支出,27.1.2
2013,3371150400,45426000,無細項,省市地方政府,臺灣省政府,交通行政與管理,行政支出,27.1.3
2013,3371159800,10000,無細項,省市地方政府,臺灣省政府,第一預備金,行政支出,27.1.5
2013,3371160100,59359000,無細項,省市地方政府,臺灣省諮議會,一般行政,行政支出,27.2.1
2013,3371169800,10000,無細項,省市地方政府,臺灣省諮議會,第一預備金,行政支出,27.2.6
2013,5371160500,3204000,無細項,省市地方政府,臺灣省諮議會,臺灣議政史料典藏及展示業務,文化支出,27.2.7
2013,5171185100,55047334000,無細項,省市地方政府,補助直轄市及縣市政府,直轄市及縣市教育補助,教育支出,27.3.1
2013,6071186000,12500000000,無細項,省市地方政府,補助直轄市及縣市政府,直轄市及縣市交通補助,交通支出,27.3.2
2013,6171186100,23500000000,無細項,省市地方政府,補助直轄市及縣市政府,直轄市及縣市其他經濟服務補助,其他經濟服務支出,27.3.3
2013,6671186600,873569000,無細項,省市地方政府,補助直轄市及縣市政府,直轄市及縣市社會保險補助,社會保險支出,27.3.4
2013,6771186700,6178528000,無細項,省市地方政府,補助直轄市及縣市政府,直轄市及縣市社會救助補助,社會救助支出,27.3.5
2013,6871186800,26322044000,無細項,省市地方政府,補助直轄市及縣市政府,直轄市及縣市福利服務補助,福利服務支出,27.3.6
2013,8471188400,22159960000,無細項,省市地方政府,補助直轄市及縣市政府,直轄市及縣市專案補助,專案補助支出,27.3.7
2013,3371550100,62041000,無細項,省市地方政府,福建省政府,一般行政,行政支出,27.4.1
2013,3371550200,5993000,無細項,省市地方政府,福建省政府,省政服務,行政支出,27.4.2
2013,3371559800,300000,無細項,省市地方政府,福建省政府,第一預備金,行政支出,27.4.4
2013,8471558400,50000000,無細項,省市地方政府,福建省政府,金馬地區專案補助,專案補助支出,27.4.5
2013,8471913000,8003250000,無細項,省市地方政府,直轄市與縣市平衡預算及繳款專案補助,直轄市及縣市繳款專案補助,專案補助支出,27.5.1
2013,8571912000,21796750000,無細項,省市地方政府,直轄市與縣市平衡預算及繳款專案補助,直轄市及縣市平衡預算補助,平衡預算補助支出,27.5.2
2013,8471928400,9515958000,無細項,省市地方政府,直轄市及縣市保障財源補助,直轄市及縣市保障財源補助,專案補助支出,27.6.1
2013,3277013200,NaN,無細項,調整軍公教人員待遇準備,調整軍公教人員待遇準備,調整軍公教人員待遇準備,國務支出,28.1.1
2013,8979018900,2000000000,無細項,災害準備金,災害準備金,災害準備金,其他支出,29.1.1
2013,9080019900,8000000000,無細項,第二預備金,第二預備金,第二預備金,第二預備金,30.1.1
